<?xml version="1.0" encoding="UTF-8"?>

<Condition xmlns="http://hl7.org/fhir">
  <id value="echo-finding-uncertain"/>
  <meta>
    <profile value="https://www.napkon.de/fhir/StructureDefinition/echocardiography-findings"/>
  </meta>
  <text>
    <status value="generated"/><div xmlns="http://www.w3.org/1999/xhtml"><p><b>Generated Narrative</b></p><p><b>code</b>: <span title="Codes: {http://snomed.info/sct 56786000}">Pulmonic valve stenosis (disorder)</span></p><p><b>subject</b>: <a href="Patient-ExamplePatient.html">Generated Summary: Medical record number: napkon-example-patient; maxi musterperson (OFFICIAL); gender: unknown; birthDate: 1990-08-08</a></p><p><b>recordedDate</b>: 2021</p></div>
  </text>
  <modifierExtension url="https://www.netzwerk-universitaetsmedizin.de/fhir/StructureDefinition/uncertainty-of-presence">
    <valueCodeableConcept>
      <coding>
        <system value="http://snomed.info/sct"/>
        <code value="261665006"/>
        <display value="Unknown (qualifier value)"/>
      </coding>
      <text value="Presence of condition is unknown."/>
    </valueCodeableConcept>
  </modifierExtension>
  <code>
    <coding>
      <system value="http://snomed.info/sct"/>
      <code value="56786000"/>
      <display value="Pulmonic valve stenosis (disorder)"/>
    </coding>
  </code>
  <subject>
    <reference value="Patient/ExamplePatient"/>
  </subject>
  <recordedDate value="2021"/>
</Condition>