<?xml version="1.0" encoding="UTF-8"?>

<Observation xmlns="http://hl7.org/fhir">
  <id value="ECGSTInterval"/>
  <meta>
    <profile value="https://www.napkon.de/fhir/StructureDefinition/ecg-st-interval"/>
  </meta>
  <text>
    <status value="generated"/><div xmlns="http://www.w3.org/1999/xhtml"><p><b>Generated Narrative</b></p><p></p><p><b>code</b>: <span title="Codes: {http://snomed.info/sct 164928009}">Electrocardiogram: ST interval (observable entity)</span></p><p><b>subject</b>: <a href="Patient-ExamplePatient.html">Generated Summary: Medical record number: napkon-example-patient; maxi musterperson (OFFICIAL); gender: unknown; birthDate: 1990-08-08</a></p><p><b>effective</b>: 2021-11-09</p><p><b>value</b>: <span title="Codes: {http://snomed.info/sct 76388001}">ST segment elevation (finding)</span></p></div>
  </text>
  <status value="final"/>
  <code>
    <coding>
      <system value="http://snomed.info/sct"/>
      <code value="164928009"/>
      <display value="Electrocardiogram: ST interval (observable entity)"/>
    </coding>
  </code>
  <subject>
    <reference value="Patient/ExamplePatient"/>
  </subject>
  <effectiveDateTime value="2021-11-09"/>
  <valueCodeableConcept>
    <coding>
      <system value="http://snomed.info/sct"/>
      <code value="76388001"/>
      <display value="ST segment elevation (finding)"/>
    </coding>
  </valueCodeableConcept>
</Observation>