<?xml version="1.0" encoding="UTF-8"?>

<ValueSet xmlns="http://hl7.org/fhir">
  <id value="ecg-qrs-interval"/>
  <text>
    <status value="generated"/><div xmlns="http://www.w3.org/1999/xhtml"><ul><li>Include these codes as defined in <a href="http://www.snomed.org/"><code>http://snomed.info/sct</code></a><table class="none"><tr><td style="white-space:nowrap"><b>Code</b></td><td><b>Display</b></td></tr><tr><td><a href="http://browser.ihtsdotools.org/?perspective=full&amp;conceptId1=164950005">164950005</a></td><td>Electrocardiogram: QRS complex normal (finding)</td></tr><tr><td><a href="http://browser.ihtsdotools.org/?perspective=full&amp;conceptId1=991002">991002</a></td><td>Wide QRS complex (finding)</td></tr><tr><td><a href="http://browser.ihtsdotools.org/?perspective=full&amp;conceptId1=28630001">28630001</a></td><td>Narrow QRS complex (finding)</td></tr></table></li></ul></div>
  </text>
  <url value="https://www.napkon.de/fhir/ValueSet/ecg-qrs-interval"/>
  <version value="0.1.0"/>
  <name value="ECGQRSInterval"/>
  <title value="ECG QRS Interval"/>
  <status value="draft"/>
  <date value="2021-11-17"/>
  <publisher value="Charité - Universitätsmedizin Berlin"/>
  <contact>
    <telecom>
      <system value="url"/>
      <value value="https://www.bihealth.org/en/research/core-facilities/interoperability/"/>
    </telecom>
  </contact>
  <description value="QRS interval findings"/>
  <compose>
    <include>
      <system value="http://snomed.info/sct"/>
      <concept>
        <code value="164950005"/>
        <display value="Electrocardiogram: QRS complex normal (finding)"/>
      </concept>
      <concept>
        <code value="991002"/>
        <display value="Wide QRS complex (finding)"/>
      </concept>
      <concept>
        <code value="28630001"/>
        <display value="Narrow QRS complex (finding)"/>
      </concept>
    </include>
  </compose>
</ValueSet>