<?xml version="1.0" encoding="UTF-8"?><ValueSet xmlns="http://hl7.org/fhir"><id value="echocardiography-findings-icd"/><text><status value="generated"/><div xmlns="http://www.w3.org/1999/xhtml"><p>This value set includes codes based on the following rules:</p><ul><li>Include codes from <code>http://fhir.de/CodeSystem/bfarm/icd-10-gm</code> where concept  is-a  I51.8 and child doesn&#39;t exist</li><li>Include codes from <code>http://fhir.de/CodeSystem/bfarm/icd-10-gm</code> where concept  is-a  I30 and child doesn&#39;t exist</li><li>Include codes from <code>http://fhir.de/CodeSystem/bfarm/icd-10-gm</code> where concept  is-a  I31.3 and child doesn&#39;t exist</li><li>Include codes from <code>http://fhir.de/CodeSystem/bfarm/icd-10-gm</code> where concept  is-a  I05.0 and child doesn&#39;t exist</li><li>Include codes from <code>http://fhir.de/CodeSystem/bfarm/icd-10-gm</code> where concept  is-a  I06.0 and child doesn&#39;t exist</li><li>Include codes from <code>http://fhir.de/CodeSystem/bfarm/icd-10-gm</code> where concept  is-a  I07.0 and child doesn&#39;t exist</li><li>Include codes from <code>http://fhir.de/CodeSystem/bfarm/icd-10-gm</code> where concept  is-a  I08 and child doesn&#39;t exist</li><li>Include codes from <code>http://fhir.de/CodeSystem/bfarm/icd-10-gm</code> where concept  is-a  I09.8 and child doesn&#39;t exist</li><li>Include codes from <code>http://fhir.de/CodeSystem/bfarm/icd-10-gm</code> where concept  is-a  I34.2 and child doesn&#39;t exist</li><li>Include codes from <code>http://fhir.de/CodeSystem/bfarm/icd-10-gm</code> where concept  is-a  I35.0 and child doesn&#39;t exist</li><li>Include codes from <code>http://fhir.de/CodeSystem/bfarm/icd-10-gm</code> where concept  is-a  I36.0 and child doesn&#39;t exist</li><li>Include codes from <code>http://fhir.de/CodeSystem/bfarm/icd-10-gm</code> where concept  is-a  I37.0 and child doesn&#39;t exist</li><li>Include codes from <code>http://fhir.de/CodeSystem/bfarm/icd-10-gm</code> where concept  is-a  Q22 and child doesn&#39;t exist</li><li>Include codes from <code>http://fhir.de/CodeSystem/bfarm/icd-10-gm</code> where concept  is-a  Q23 and child doesn&#39;t exist</li><li>Include codes from <code>http://fhir.de/CodeSystem/bfarm/icd-10-gm</code> where concept  is-a  I35.1 and child doesn&#39;t exist</li><li>Include codes from <code>http://fhir.de/CodeSystem/bfarm/icd-10-gm</code> where concept  is-a  Q23.1 and child doesn&#39;t exist</li><li>Include codes from <code>http://fhir.de/CodeSystem/bfarm/icd-10-gm</code> where concept  is-a  I06.1 and child doesn&#39;t exist</li><li>Include codes from <code>http://fhir.de/CodeSystem/bfarm/icd-10-gm</code> where concept  is-a  I06.2 and child doesn&#39;t exist</li><li>Include codes from <code>http://fhir.de/CodeSystem/bfarm/icd-10-gm</code> where concept  is-a  I35.0 and child doesn&#39;t exist</li><li>Include codes from <code>http://fhir.de/CodeSystem/bfarm/icd-10-gm</code> where concept  is-a  Q23.0 and child doesn&#39;t exist</li><li>Include codes from <code>http://fhir.de/CodeSystem/bfarm/icd-10-gm</code> where concept  is-a  I06.0 and child doesn&#39;t exist</li><li>Include codes from <code>http://fhir.de/CodeSystem/bfarm/icd-10-gm</code> where concept  is-a  I06.2 and child doesn&#39;t exist</li><li>Include codes from <code>http://fhir.de/CodeSystem/bfarm/icd-10-gm</code> where concept  is-a  I34.0 and child doesn&#39;t exist</li><li>Include codes from <code>http://fhir.de/CodeSystem/bfarm/icd-10-gm</code> where concept  is-a  Q23.3 and child doesn&#39;t exist</li><li>Include codes from <code>http://fhir.de/CodeSystem/bfarm/icd-10-gm</code> where concept  is-a  I05.1 and child doesn&#39;t exist</li><li>Include codes from <code>http://fhir.de/CodeSystem/bfarm/icd-10-gm</code> where concept  is-a  I05.2 and child doesn&#39;t exist</li><li>Include codes from <code>http://fhir.de/CodeSystem/bfarm/icd-10-gm</code> where concept  is-a  I34.2 and child doesn&#39;t exist</li><li>Include codes from <code>http://fhir.de/CodeSystem/bfarm/icd-10-gm</code> where concept  is-a  I05.0 and child doesn&#39;t exist</li><li>Include codes from <code>http://fhir.de/CodeSystem/bfarm/icd-10-gm</code> where concept  is-a  I05.2 and child doesn&#39;t exist</li><li>Include codes from <code>http://fhir.de/CodeSystem/bfarm/icd-10-gm</code> where concept  is-a  Q23.2 and child doesn&#39;t exist</li><li>Include codes from <code>http://fhir.de/CodeSystem/bfarm/icd-10-gm</code> where concept  is-a  I07.1 and child doesn&#39;t exist</li><li>Include codes from <code>http://fhir.de/CodeSystem/bfarm/icd-10-gm</code> where concept  is-a  I07.2 and child doesn&#39;t exist</li><li>Include codes from <code>http://fhir.de/CodeSystem/bfarm/icd-10-gm</code> where concept  is-a  I36.1 and child doesn&#39;t exist</li><li>Include codes from <code>http://fhir.de/CodeSystem/bfarm/icd-10-gm</code> where concept  is-a  I07.0 and child doesn&#39;t exist</li><li>Include codes from <code>http://fhir.de/CodeSystem/bfarm/icd-10-gm</code> where concept  is-a  I07.2 and child doesn&#39;t exist</li><li>Include codes from <code>http://fhir.de/CodeSystem/bfarm/icd-10-gm</code> where concept  is-a  I36.0 and child doesn&#39;t exist</li><li>Include codes from <code>http://fhir.de/CodeSystem/bfarm/icd-10-gm</code> where concept  is-a  I36.2 and child doesn&#39;t exist</li><li>Include codes from <code>http://fhir.de/CodeSystem/bfarm/icd-10-gm</code> where concept  is-a  Q22.4 and child doesn&#39;t exist</li><li>Include codes from <code>http://fhir.de/CodeSystem/bfarm/icd-10-gm</code> where concept  is-a  I37.1 and child doesn&#39;t exist</li><li>Include codes from <code>http://fhir.de/CodeSystem/bfarm/icd-10-gm</code> where concept  is-a  Q22.2 and child doesn&#39;t exist</li><li>Include codes from <code>http://fhir.de/CodeSystem/bfarm/icd-10-gm</code> where concept  is-a  I37.0 and child doesn&#39;t exist</li><li>Include codes from <code>http://fhir.de/CodeSystem/bfarm/icd-10-gm</code> where concept  is-a  Q22.1 and child doesn&#39;t exist</li><li>Include codes from <code>http://fhir.de/CodeSystem/bfarm/icd-10-gm</code> where concept  is-a  I51.8 and child doesn&#39;t exist</li><li>Include codes from <code>http://fhir.de/CodeSystem/bfarm/icd-10-gm</code> where concept  is-a  I33.0 and child doesn&#39;t exist</li><li>Include codes from <code>http://fhir.de/CodeSystem/bfarm/icd-10-gm</code> where concept  is-a  I82.9 and child doesn&#39;t exist</li><li>Include codes from <code>http://fhir.de/CodeSystem/bfarm/icd-10-gm</code> where concept  is-a  I80 and child doesn&#39;t exist</li><li>Include codes from <code>http://fhir.de/CodeSystem/bfarm/icd-10-gm</code> where concept  is-a  I81 and child doesn&#39;t exist</li><li>Include codes from <code>http://fhir.de/CodeSystem/bfarm/icd-10-gm</code> where concept  is-a  I82 and child doesn&#39;t exist</li><li>Include codes from <code>http://fhir.de/CodeSystem/bfarm/icd-10-gm</code> where concept  is-a  I42.2 and child doesn&#39;t exist</li><li>Include codes from <code>http://fhir.de/CodeSystem/bfarm/icd-10-gm</code> where concept  is-a  I51.7 and child doesn&#39;t exist</li></ul></div></text><url value="https://www.napkon.de/fhir/ValueSet/echocardiography-findings-icd"/><version value="1.0.0"/><name value="EchocardiographyFindingsICD"/><title value="Echocardiography Findings ICD10 GM"/><status value="active"/><date value="2021-11-24"/><publisher value="Charité - Universitätsmedizin Berlin"/><contact><telecom><system value="url"/><value value="https://www.bihealth.org/en/research/core-facilities/interoperability/"/></telecom></contact><description value="Codes for Echocardiography Findings (ICD10 GM)"/><compose><include><system value="http://fhir.de/CodeSystem/bfarm/icd-10-gm"/><version value="2022"/><filter><property value="concept"/><op value="is-a"/><value value="I51.8"/></filter><filter><property value="child"/><op value="exists"/><value value="false"/></filter></include><include><system value="http://fhir.de/CodeSystem/bfarm/icd-10-gm"/><version value="2022"/><filter><property value="concept"/><op value="is-a"/><value value="I30"/></filter><filter><property value="child"/><op value="exists"/><value value="false"/></filter></include><include><system value="http://fhir.de/CodeSystem/bfarm/icd-10-gm"/><version value="2022"/><filter><property value="concept"/><op value="is-a"/><value value="I31.3"/></filter><filter><property value="child"/><op value="exists"/><value value="false"/></filter></include><include><system value="http://fhir.de/CodeSystem/bfarm/icd-10-gm"/><version value="2022"/><filter><property value="concept"/><op value="is-a"/><value value="I05.0"/></filter><filter><property value="child"/><op value="exists"/><value value="false"/></filter></include><include><system value="http://fhir.de/CodeSystem/bfarm/icd-10-gm"/><version value="2022"/><filter><property value="concept"/><op value="is-a"/><value value="I06.0"/></filter><filter><property value="child"/><op value="exists"/><value value="false"/></filter></include><include><system value="http://fhir.de/CodeSystem/bfarm/icd-10-gm"/><version value="2022"/><filter><property value="concept"/><op value="is-a"/><value value="I07.0"/></filter><filter><property value="child"/><op value="exists"/><value value="false"/></filter></include><include><system value="http://fhir.de/CodeSystem/bfarm/icd-10-gm"/><version value="2022"/><filter><property value="concept"/><op value="is-a"/><value value="I08"/></filter><filter><property value="child"/><op value="exists"/><value value="false"/></filter></include><include><system value="http://fhir.de/CodeSystem/bfarm/icd-10-gm"/><version value="2022"/><filter><property value="concept"/><op value="is-a"/><value value="I09.8"/></filter><filter><property value="child"/><op value="exists"/><value value="false"/></filter></include><include><system value="http://fhir.de/CodeSystem/bfarm/icd-10-gm"/><version value="2022"/><filter><property value="concept"/><op value="is-a"/><value value="I34.2"/></filter><filter><property value="child"/><op value="exists"/><value value="false"/></filter></include><include><system value="http://fhir.de/CodeSystem/bfarm/icd-10-gm"/><version value="2022"/><filter><property value="concept"/><op value="is-a"/><value value="I35.0"/></filter><filter><property value="child"/><op value="exists"/><value value="false"/></filter></include><include><system value="http://fhir.de/CodeSystem/bfarm/icd-10-gm"/><version value="2022"/><filter><property value="concept"/><op value="is-a"/><value value="I36.0"/></filter><filter><property value="child"/><op value="exists"/><value value="false"/></filter></include><include><system value="http://fhir.de/CodeSystem/bfarm/icd-10-gm"/><version value="2022"/><filter><property value="concept"/><op value="is-a"/><value value="I37.0"/></filter><filter><property value="child"/><op value="exists"/><value value="false"/></filter></include><include><system value="http://fhir.de/CodeSystem/bfarm/icd-10-gm"/><version value="2022"/><filter><property value="concept"/><op value="is-a"/><value value="Q22"/></filter><filter><property value="child"/><op value="exists"/><value value="false"/></filter></include><include><system value="http://fhir.de/CodeSystem/bfarm/icd-10-gm"/><version value="2022"/><filter><property value="concept"/><op value="is-a"/><value value="Q23"/></filter><filter><property value="child"/><op value="exists"/><value value="false"/></filter></include><include><system value="http://fhir.de/CodeSystem/bfarm/icd-10-gm"/><version value="2022"/><filter><property value="concept"/><op value="is-a"/><value value="I35.1"/></filter><filter><property value="child"/><op value="exists"/><value value="false"/></filter></include><include><system value="http://fhir.de/CodeSystem/bfarm/icd-10-gm"/><version value="2022"/><filter><property value="concept"/><op value="is-a"/><value value="Q23.1"/></filter><filter><property value="child"/><op value="exists"/><value value="false"/></filter></include><include><system value="http://fhir.de/CodeSystem/bfarm/icd-10-gm"/><version value="2022"/><filter><property value="concept"/><op value="is-a"/><value value="I06.1"/></filter><filter><property value="child"/><op value="exists"/><value value="false"/></filter></include><include><system value="http://fhir.de/CodeSystem/bfarm/icd-10-gm"/><version value="2022"/><filter><property value="concept"/><op value="is-a"/><value value="I06.2"/></filter><filter><property value="child"/><op value="exists"/><value value="false"/></filter></include><include><system value="http://fhir.de/CodeSystem/bfarm/icd-10-gm"/><version value="2022"/><filter><property value="concept"/><op value="is-a"/><value value="I35.0"/></filter><filter><property value="child"/><op value="exists"/><value value="false"/></filter></include><include><system value="http://fhir.de/CodeSystem/bfarm/icd-10-gm"/><version value="2022"/><filter><property value="concept"/><op value="is-a"/><value value="Q23.0"/></filter><filter><property value="child"/><op value="exists"/><value value="false"/></filter></include><include><system value="http://fhir.de/CodeSystem/bfarm/icd-10-gm"/><version value="2022"/><filter><property value="concept"/><op value="is-a"/><value value="I06.0"/></filter><filter><property value="child"/><op value="exists"/><value value="false"/></filter></include><include><system value="http://fhir.de/CodeSystem/bfarm/icd-10-gm"/><version value="2022"/><filter><property value="concept"/><op value="is-a"/><value value="I06.2"/></filter><filter><property value="child"/><op value="exists"/><value value="false"/></filter></include><include><system value="http://fhir.de/CodeSystem/bfarm/icd-10-gm"/><version value="2022"/><filter><property value="concept"/><op value="is-a"/><value value="I34.0"/></filter><filter><property value="child"/><op value="exists"/><value value="false"/></filter></include><include><system value="http://fhir.de/CodeSystem/bfarm/icd-10-gm"/><version value="2022"/><filter><property value="concept"/><op value="is-a"/><value value="Q23.3"/></filter><filter><property value="child"/><op value="exists"/><value value="false"/></filter></include><include><system value="http://fhir.de/CodeSystem/bfarm/icd-10-gm"/><version value="2022"/><filter><property value="concept"/><op value="is-a"/><value value="I05.1"/></filter><filter><property value="child"/><op value="exists"/><value value="false"/></filter></include><include><system value="http://fhir.de/CodeSystem/bfarm/icd-10-gm"/><version value="2022"/><filter><property value="concept"/><op value="is-a"/><value value="I05.2"/></filter><filter><property value="child"/><op value="exists"/><value value="false"/></filter></include><include><system value="http://fhir.de/CodeSystem/bfarm/icd-10-gm"/><version value="2022"/><filter><property value="concept"/><op value="is-a"/><value value="I34.2"/></filter><filter><property value="child"/><op value="exists"/><value value="false"/></filter></include><include><system value="http://fhir.de/CodeSystem/bfarm/icd-10-gm"/><version value="2022"/><filter><property value="concept"/><op value="is-a"/><value value="I05.0"/></filter><filter><property value="child"/><op value="exists"/><value value="false"/></filter></include><include><system value="http://fhir.de/CodeSystem/bfarm/icd-10-gm"/><version value="2022"/><filter><property value="concept"/><op value="is-a"/><value value="I05.2"/></filter><filter><property value="child"/><op value="exists"/><value value="false"/></filter></include><include><system value="http://fhir.de/CodeSystem/bfarm/icd-10-gm"/><version value="2022"/><filter><property value="concept"/><op value="is-a"/><value value="Q23.2"/></filter><filter><property value="child"/><op value="exists"/><value value="false"/></filter></include><include><system value="http://fhir.de/CodeSystem/bfarm/icd-10-gm"/><version value="2022"/><filter><property value="concept"/><op value="is-a"/><value value="I07.1"/></filter><filter><property value="child"/><op value="exists"/><value value="false"/></filter></include><include><system value="http://fhir.de/CodeSystem/bfarm/icd-10-gm"/><version value="2022"/><filter><property value="concept"/><op value="is-a"/><value value="I07.2"/></filter><filter><property value="child"/><op value="exists"/><value value="false"/></filter></include><include><system value="http://fhir.de/CodeSystem/bfarm/icd-10-gm"/><version value="2022"/><filter><property value="concept"/><op value="is-a"/><value value="I36.1"/></filter><filter><property value="child"/><op value="exists"/><value value="false"/></filter></include><include><system value="http://fhir.de/CodeSystem/bfarm/icd-10-gm"/><version value="2022"/><filter><property value="concept"/><op value="is-a"/><value value="I07.0"/></filter><filter><property value="child"/><op value="exists"/><value value="false"/></filter></include><include><system value="http://fhir.de/CodeSystem/bfarm/icd-10-gm"/><version value="2022"/><filter><property value="concept"/><op value="is-a"/><value value="I07.2"/></filter><filter><property value="child"/><op value="exists"/><value value="false"/></filter></include><include><system value="http://fhir.de/CodeSystem/bfarm/icd-10-gm"/><version value="2022"/><filter><property value="concept"/><op value="is-a"/><value value="I36.0"/></filter><filter><property value="child"/><op value="exists"/><value value="false"/></filter></include><include><system value="http://fhir.de/CodeSystem/bfarm/icd-10-gm"/><version value="2022"/><filter><property value="concept"/><op value="is-a"/><value value="I36.2"/></filter><filter><property value="child"/><op value="exists"/><value value="false"/></filter></include><include><system value="http://fhir.de/CodeSystem/bfarm/icd-10-gm"/><version value="2022"/><filter><property value="concept"/><op value="is-a"/><value value="Q22.4"/></filter><filter><property value="child"/><op value="exists"/><value value="false"/></filter></include><include><system value="http://fhir.de/CodeSystem/bfarm/icd-10-gm"/><version value="2022"/><filter><property value="concept"/><op value="is-a"/><value value="I37.1"/></filter><filter><property value="child"/><op value="exists"/><value value="false"/></filter></include><include><system value="http://fhir.de/CodeSystem/bfarm/icd-10-gm"/><version value="2022"/><filter><property value="concept"/><op value="is-a"/><value value="Q22.2"/></filter><filter><property value="child"/><op value="exists"/><value value="false"/></filter></include><include><system value="http://fhir.de/CodeSystem/bfarm/icd-10-gm"/><version value="2022"/><filter><property value="concept"/><op value="is-a"/><value value="I37.0"/></filter><filter><property value="child"/><op value="exists"/><value value="false"/></filter></include><include><system value="http://fhir.de/CodeSystem/bfarm/icd-10-gm"/><version value="2022"/><filter><property value="concept"/><op value="is-a"/><value value="Q22.1"/></filter><filter><property value="child"/><op value="exists"/><value value="false"/></filter></include><include><system value="http://fhir.de/CodeSystem/bfarm/icd-10-gm"/><version value="2022"/><filter><property value="concept"/><op value="is-a"/><value value="I51.8"/></filter><filter><property value="child"/><op value="exists"/><value value="false"/></filter></include><include><system value="http://fhir.de/CodeSystem/bfarm/icd-10-gm"/><version value="2022"/><filter><property value="concept"/><op value="is-a"/><value value="I33.0"/></filter><filter><property value="child"/><op value="exists"/><value value="false"/></filter></include><include><system value="http://fhir.de/CodeSystem/bfarm/icd-10-gm"/><version value="2022"/><filter><property value="concept"/><op value="is-a"/><value value="I82.9"/></filter><filter><property value="child"/><op value="exists"/><value value="false"/></filter></include><include><system value="http://fhir.de/CodeSystem/bfarm/icd-10-gm"/><version value="2022"/><filter><property value="concept"/><op value="is-a"/><value value="I80"/></filter><filter><property value="child"/><op value="exists"/><value value="false"/></filter></include><include><system value="http://fhir.de/CodeSystem/bfarm/icd-10-gm"/><version value="2022"/><filter><property value="concept"/><op value="is-a"/><value value="I81"/></filter><filter><property value="child"/><op value="exists"/><value value="false"/></filter></include><include><system value="http://fhir.de/CodeSystem/bfarm/icd-10-gm"/><version value="2022"/><filter><property value="concept"/><op value="is-a"/><value value="I82"/></filter><filter><property value="child"/><op value="exists"/><value value="false"/></filter></include><include><system value="http://fhir.de/CodeSystem/bfarm/icd-10-gm"/><version value="2022"/><filter><property value="concept"/><op value="is-a"/><value value="I42.2"/></filter><filter><property value="child"/><op value="exists"/><value value="false"/></filter></include><include><system value="http://fhir.de/CodeSystem/bfarm/icd-10-gm"/><version value="2022"/><filter><property value="concept"/><op value="is-a"/><value value="I51.7"/></filter><filter><property value="child"/><op value="exists"/><value value="false"/></filter></include></compose></ValueSet>