<?xml version="1.0" encoding="UTF-8"?><ValueSet xmlns="http://hl7.org/fhir"><id value="ecg-findings"/><text><status value="generated"/><div xmlns="http://www.w3.org/1999/xhtml"><ul><li>Include these codes as defined in <a href="http://www.snomed.org/"><code>http://snomed.info/sct</code></a><table class="none"><tr><td style="white-space:nowrap"><b>Code</b></td><td><b>Display</b></td></tr><tr><td><a href="http://browser.ihtsdotools.org/?perspective=full&amp;conceptId1=251150006">251150006</a></td><td>Sinus rhythm (finding)</td></tr><tr><td><a href="http://browser.ihtsdotools.org/?perspective=full&amp;conceptId1=427172004">427172004</a></td><td>Electrocardiogram: premature ventricular contractions (finding)</td></tr><tr><td><a href="http://browser.ihtsdotools.org/?perspective=full&amp;conceptId1=164885009">164885009</a></td><td>Electrocardiographic atrial ectopics (finding)</td></tr><tr><td><a href="http://browser.ihtsdotools.org/?perspective=full&amp;conceptId1=59931005">59931005</a></td><td>Inverted T wave (finding)</td></tr><tr><td><a href="http://browser.ihtsdotools.org/?perspective=full&amp;conceptId1=251146004">251146004</a></td><td>Low QRS voltages (finding)</td></tr></table></li></ul></div></text><url value="https://www.napkon.de/fhir/ValueSet/ecg-findings"/><version value="1.0.0"/><name value="ECGFindings"/><title value="ECG Findings"/><status value="active"/><date value="2021-11-17"/><publisher value="Charité - Universitätsmedizin Berlin"/><contact><telecom><system value="url"/><value value="https://www.bihealth.org/en/research/core-facilities/interoperability/"/></telecom></contact><description value="Other findings from electrocardiogram"/><compose><include><system value="http://snomed.info/sct"/><concept><code value="251150006"/><display value="Sinus rhythm (finding)"/></concept><concept><code value="427172004"/><display value="Electrocardiogram: premature ventricular contractions (finding)"/></concept><concept><code value="164885009"/><display value="Electrocardiographic atrial ectopics (finding)"/></concept><concept><code value="59931005"/><display value="Inverted T wave (finding)"/></concept><concept><code value="251146004"/><display value="Low QRS voltages (finding)"/></concept></include></compose></ValueSet>