<?xml version="1.0" encoding="UTF-8"?><ValueSet xmlns="http://hl7.org/fhir"><id value="covid19-complications"/><text><status value="generated"/><div xmlns="http://www.w3.org/1999/xhtml"><p>This value set includes codes based on the following rules:</p><ul><li>Include codes from <a href="http://www.snomed.org/"><code>http://snomed.info/sct</code></a> where concept  is-a  50920009 (Myocarditis)</li><li>Include codes from <a href="http://www.snomed.org/"><code>http://snomed.info/sct</code></a> where concept  is-a  27885002 (Complete atrioventricular block)</li><li>Include codes from <a href="http://www.snomed.org/"><code>http://snomed.info/sct</code></a> where concept  is-a  71908006 (Ventricular fibrillation)</li><li>Include codes from <a href="http://www.snomed.org/"><code>http://snomed.info/sct</code></a> where concept  is-a  89138009 (Cardiogenic shock)</li><li>Include codes from <a href="http://www.snomed.org/"><code>http://snomed.info/sct</code></a> where concept  is-a  34014006 (Viral disease)</li><li>Include codes from <a href="http://www.snomed.org/"><code>http://snomed.info/sct</code></a> where concept  is-a  312117008 (Bacterial respiratory infection)</li><li>Include codes from <a href="http://www.snomed.org/"><code>http://snomed.info/sct</code></a> where concept  is-a  373945007 (Pericardial effusion (disorder))</li></ul></div></text><url value="https://www.napkon.de/fhir/ValueSet/covid19-complications"/><version value="0.1.0"/><name value="COVID19Complications"/><title value="COVID19 Complications"/><status value="draft"/><date value="2021-12-03"/><publisher value="Charité - Universitätsmedizin Berlin"/><contact><telecom><system value="url"/><value value="https://www.bihealth.org/en/research/core-facilities/interoperability/"/></telecom></contact><description value="Complications of COVID-19"/><compose><include><system value="http://snomed.info/sct"/><filter><property value="concept"/><op value="is-a"/><value value="50920009"/></filter></include><include><system value="http://snomed.info/sct"/><filter><property value="concept"/><op value="is-a"/><value value="27885002"/></filter></include><include><system value="http://snomed.info/sct"/><filter><property value="concept"/><op value="is-a"/><value value="71908006"/></filter></include><include><system value="http://snomed.info/sct"/><filter><property value="concept"/><op value="is-a"/><value value="89138009"/></filter></include><include><system value="http://snomed.info/sct"/><filter><property value="concept"/><op value="is-a"/><value value="34014006"/></filter></include><include><system value="http://snomed.info/sct"/><filter><property value="concept"/><op value="is-a"/><value value="312117008"/></filter></include><include><system value="http://snomed.info/sct"/><filter><property value="concept"/><op value="is-a"/><value value="373945007"/></filter></include></compose></ValueSet>