<?xml version="1.0" encoding="UTF-8"?>

<Condition xmlns="http://hl7.org/fhir">
  <id value="echo-finding-confirmed"/>
  <meta>
    <profile value="https://www.napkon.de/fhir/StructureDefinition/echocardiography-findings"/>
  </meta>
  <text>
    <status value="extensions"/><div xmlns="http://www.w3.org/1999/xhtml"><p><b>Generated Narrative</b></p><p><b>DiseaseCourse</b>: <span title="Codes: {http://snomed.info/sct 255314001}">Progressive (qualifier value)</span></p><p><b>verificationStatus</b>: <span title="Codes: {http://terminology.hl7.org/CodeSystem/condition-ver-status confirmed}, {http://snomed.info/sct 410605003}">Confirmed present (qualifier value)</span></p><p><b>code</b>: <span title="Codes: {http://snomed.info/sct 56786000}">Pulmonic valve stenosis (disorder)</span></p><p><b>subject</b>: <a href="Patient-ExamplePatient.html">Generated Summary: Medical record number: napkon-example-patient; maxi musterperson (OFFICIAL); gender: unknown; birthDate: 1990-08-08</a></p><p><b>recordedDate</b>: 2021</p></div>
  </text>
  <extension url="https://www.napkon.de/fhir/StructureDefinition/condition-diseaseCourse">
    <valueCodeableConcept>
      <coding>
        <system value="http://snomed.info/sct"/>
        <code value="255314001"/>
        <display value="Progressive (qualifier value)"/>
      </coding>
    </valueCodeableConcept>
  </extension>
  <verificationStatus>
    <coding>
      <system value="http://terminology.hl7.org/CodeSystem/condition-ver-status"/>
      <code value="confirmed"/>
    </coding>
    <coding>
      <system value="http://snomed.info/sct"/>
      <code value="410605003"/>
      <display value="Confirmed present (qualifier value)"/>
    </coding>
  </verificationStatus>
  <code>
    <coding>
      <system value="http://snomed.info/sct"/>
      <code value="56786000"/>
      <display value="Pulmonic valve stenosis (disorder)"/>
    </coding>
  </code>
  <subject>
    <reference value="Patient/ExamplePatient"/>
  </subject>
  <recordedDate value="2021"/>
</Condition>