<?xml version="1.0" encoding="UTF-8"?>

<Observation xmlns="http://hl7.org/fhir">
  <id value="AtrialEctopicsUnknown"/>
  <meta>
    <profile value="https://www.napkon.de/fhir/StructureDefinition/ecg-findings"/>
  </meta>
  <text>
    <status value="generated"/><div xmlns="http://www.w3.org/1999/xhtml"><p><b>Generated Narrative</b></p><p></p><p><b>code</b>: <span title="Codes: {http://snomed.info/sct 164885009}">Electrocardiographic atrial ectopics (finding)</span></p><p><b>subject</b>: <a href="Patient-ExamplePatient.html">Generated Summary: Medical record number: napkon-example-patient; maxi musterperson (OFFICIAL); gender: unknown; birthDate: 1990-08-08</a></p><p><b>effective</b>: 2021-11-09</p><p><b>dataAbsentReason</b>: <span title="Codes: {http://terminology.hl7.org/CodeSystem/data-absent-reason unknown}">Unknown</span></p></div>
  </text>
  <status value="final"/>
  <code>
    <coding>
      <system value="http://snomed.info/sct"/>
      <code value="164885009"/>
      <display value="Electrocardiographic atrial ectopics (finding)"/>
    </coding>
  </code>
  <subject>
    <reference value="Patient/ExamplePatient"/>
  </subject>
  <effectiveDateTime value="2021-11-09"/>
  <dataAbsentReason>
    <coding>
      <system value="http://terminology.hl7.org/CodeSystem/data-absent-reason"/>
      <code value="unknown"/>
    </coding>
  </dataAbsentReason>
</Observation>