{
  "resourceType": "Observation",
  "id": "left-ventricular-ejection-fraction",
  "meta": {
    "profile": [
      "https://www.napkon.de/fhir/StructureDefinition/left-ventricular-ejection-fraction"
    ]
  },
  "text": {
    "status": "generated",
    "div": "<div xmlns=\"http://www.w3.org/1999/xhtml\"><p><b>Generated Narrative</b></p><p></p><p><b>category</b>: <span title=\"Codes: {http://terminology.hl7.org/CodeSystem/observation-category imaging}\">Imaging</span></p><p><b>code</b>: <span title=\"Codes: {http://loinc.org 10230-1}\">Left ventricular Ejection fraction</span></p><p><b>subject</b>: <a href=\"Patient-ExamplePatient.html\">Generated Summary: Medical record number: napkon-example-patient; maxi musterperson (OFFICIAL); gender: unknown; birthDate: 1990-08-08</a></p><p><b>effective</b>: Feb 7, 2015, 6:28:17 PM</p><p><b>value</b>: 25 %</p></div>"
  },
  "status": "final",
  "category": [
    {
      "coding": [
        {
          "system": "http://terminology.hl7.org/CodeSystem/observation-category",
          "code": "imaging",
          "display": "Imaging"
        }
      ]
    }
  ],
  "code": {
    "coding": [
      {
        "system": "http://loinc.org",
        "code": "10230-1",
        "display": "Left ventricular Ejection fraction"
      }
    ]
  },
  "subject": {
    "reference": "Patient/ExamplePatient"
  },
  "effectiveDateTime": "2015-02-07T13:28:17-05:00",
  "valueQuantity": {
    "value": 25,
    "system": "http://unitsofmeasure.org",
    "code": "%"
  }
}