<?xml version="1.0" encoding="UTF-8"?>

<Procedure xmlns="http://hl7.org/fhir">
  <id value="CardiovascularInvestigation"/>
  <meta>
    <profile value="https://www.napkon.de/fhir/StructureDefinition/cardiovascular-investigation"/>
  </meta>
  <text>
    <status value="generated"/><div xmlns="http://www.w3.org/1999/xhtml"><p><b>Generated Narrative</b></p><p><b>status</b>: completed</p><p><b>code</b>: <span title="Codes: {http://snomed.info/sct 433236007}">Transthoracic echocardiography (procedure)</span></p><p><b>subject</b>: <a href="Patient-ExamplePatient.html">Generated Summary: Medical record number: napkon-example-patient; maxi musterperson (OFFICIAL); gender: unknown; birthDate: 1990-08-08</a></p><p><b>performed</b>: 2021-01-11</p></div>
  </text>
  <status value="completed"/>
  <code>
    <coding>
      <system value="http://snomed.info/sct"/>
      <code value="433236007"/>
      <display value="Transthoracic echocardiography (procedure)"/>
    </coding>
  </code>
  <subject>
    <reference value="Patient/ExamplePatient"/>
  </subject>
  <performedDateTime value="2021-01-11"/>
</Procedure>