{
  "package": "napkon-cardiology",
  "version": "1.0.0",
  "fhirVersion": "4.0.1",
  "extensions": [
    {
      "url": "https://www.napkon.de/fhir/StructureDefinition/condition-diseaseCourse",
      "title": "DiseaseCourse",
      "types": [
        "CodeableConcept"
      ]
    }
  ],
  "profiles": {
    "Procedure": [
      {
        "url": "https://www.napkon.de/fhir/StructureDefinition/cardiovascular-investigation",
        "title": "Cardiovascular investigation"
      }
    ],
    "Condition": [
      {
        "url": "https://www.napkon.de/fhir/StructureDefinition/echocardiography-findings",
        "title": "Echocardiography Findings"
      }
    ],
    "Observation": [
      {
        "url": "https://www.napkon.de/fhir/StructureDefinition/tricuspid-annular-plane-systolic-excursion",
        "title": "Tricuspid Annular Plane Systolic Excursion"
      }
    ],
    "MedicationStatement": [
      {
        "url": "https://www.napkon.de/fhir/StructureDefinition/medication-angiotensin-receptor-antagonist",
        "title": "Medication Angiotensin Receptor Antagonist"
      }
    ]
  },
  "usage": {
    "http://fhir.de/StructureDefinition/ProzedurDokumentationsdatum": [
      "Procedure"
    ],
    "http://fhir.de/StructureDefinition/icd-10-gm-diagnosesicherheit": [
      "Condition.code.coding"
    ],
    "http://fhir.de/StructureDefinition/icd-10-gm-mehrfachcodierungs-kennzeichen": [
      "Condition.code.coding"
    ],
    "http://fhir.de/StructureDefinition/lebensphase": [
      "Condition.onset[x].end",
      "Condition.onset[x].start"
    ],
    "http://fhir.de/StructureDefinition/seitenlokalisation": [
      "Condition.code.coding",
      "Procedure.code.coding"
    ],
    "http://hl7.org/fhir/StructureDefinition/condition-dueTo": [
      "Condition"
    ],
    "http://hl7.org/fhir/StructureDefinition/condition-related": [
      "Condition"
    ],
    "http://hl7.org/fhir/StructureDefinition/elementdefinition-bestpractice": [
      "StructureDefinition.snapshot.element.constraint"
    ],
    "http://hl7.org/fhir/StructureDefinition/elementdefinition-bestpractice-explanation": [
      "StructureDefinition.snapshot.element.constraint"
    ],
    "http://hl7.org/fhir/StructureDefinition/elementdefinition-bindingName": [
      "StructureDefinition.differential.element.binding",
      "StructureDefinition.snapshot.element.binding"
    ],
    "http://hl7.org/fhir/StructureDefinition/elementdefinition-isCommonBinding": [
      "StructureDefinition.snapshot.element.binding"
    ],
    "http://hl7.org/fhir/StructureDefinition/elementdefinition-maxValueSet": [
      "StructureDefinition.snapshot.element.binding"
    ],
    "http://hl7.org/fhir/StructureDefinition/elementdefinition-translatable": [
      "StructureDefinition.snapshot.element"
    ],
    "http://hl7.org/fhir/StructureDefinition/regex": [
      "StructureDefinition.snapshot.element.type"
    ],
    "http://hl7.org/fhir/StructureDefinition/structuredefinition-category": [
      "StructureDefinition"
    ],
    "http://hl7.org/fhir/StructureDefinition/structuredefinition-display-hint": [
      "StructureDefinition.snapshot.element"
    ],
    "http://hl7.org/fhir/StructureDefinition/structuredefinition-fhir-type": [
      "StructureDefinition.snapshot.element.type"
    ],
    "http://hl7.org/fhir/StructureDefinition/structuredefinition-normative-version": [
      "StructureDefinition.snapshot.element"
    ],
    "http://hl7.org/fhir/StructureDefinition/structuredefinition-security-category": [
      "StructureDefinition"
    ],
    "http://hl7.org/fhir/StructureDefinition/structuredefinition-standards-status": [
      "StructureDefinition.snapshot.element"
    ],
    "http://hl7.org/fhir/tools/StructureDefinition/ig-parameter": [
      "ImplementationGuide.definition"
    ],
    "http://hl7.org/fhir/tools/StructureDefinition/resource-information": [
      "ImplementationGuide.definition.resource"
    ],
    "https://www.medizininformatik-initiative.de/fhir/core/modul-prozedur/StructureDefinition/Durchfuehrungsabsicht": [
      "Procedure"
    ],
    "https://www.napkon.de/fhir/StructureDefinition/condition-diseaseCourse": [
      "Condition"
    ],
    "https://www.netzwerk-universitaetsmedizin.de/fhir/StructureDefinition/uncertainty-of-presence": [
      "Condition"
    ]
  }
}