<?xml version="1.0" encoding="UTF-8"?>

<ValueSet xmlns="http://hl7.org/fhir">
  <id value="ecg-bundle-branch-block"/>
  <text>
    <status value="generated"/><div xmlns="http://www.w3.org/1999/xhtml"><p>This value set includes codes based on the following rules:</p><ul><li>Include these codes as defined in <a href="http://www.snomed.org/"><code>http://snomed.info/sct</code></a><table class="none"><tr><td style="white-space:nowrap"><b>Code</b></td><td><b>Display</b></td></tr><tr><td><a href="http://browser.ihtsdotools.org/?perspective=full&amp;conceptId1=713427006">713427006</a></td><td>Electrocardiographic complete right bundle branch block (finding)</td></tr><tr><td><a href="http://browser.ihtsdotools.org/?perspective=full&amp;conceptId1=733534002">733534002</a></td><td>Electrocardiographic complete left bundle branch block (finding)</td></tr><tr><td><a href="http://browser.ihtsdotools.org/?perspective=full&amp;conceptId1=445118002">445118002</a></td><td>Left anterior fascicular block on electrocardiogram (finding)</td></tr><tr><td><a href="http://browser.ihtsdotools.org/?perspective=full&amp;conceptId1=445211001">445211001</a></td><td>Left posterior fascicular block on electrocardiogram (finding)</td></tr><tr><td><a href="http://browser.ihtsdotools.org/?perspective=full&amp;conceptId1=445481009">445481009</a></td><td>Bifascicular block on electrocardiogram (finding)</td></tr></table></li><li>Include these codes as defined in <a href="CodeSystem-napkon-cardiology.html"><code>https://www.napkon.de/fhir/CodeSystem/napkon-cardiology</code></a><table class="none"><tr><td style="white-space:nowrap"><b>Code</b></td><td><b>Display</b></td></tr><tr><td><a href="CodeSystem-napkon-cardiology.html#napkon-cardiology-ecg-bundle-branch-block">ecg-bundle-branch-block</a></td><td>ECG: Bundle branch block</td></tr></table></li></ul></div>
  </text>
  <url value="https://www.napkon.de/fhir/ValueSet/ecg-bundle-branch-block"/>
  <version value="1.0.0"/>
  <name value="ECGBundleBranchBlock"/>
  <title value="ECG Bundle Branch Block"/>
  <status value="active"/>
  <date value="2021-11-17"/>
  <publisher value="Charité - Universitätsmedizin Berlin"/>
  <contact>
    <telecom>
      <system value="url"/>
      <value value="https://www.bihealth.org/en/research/core-facilities/interoperability/"/>
    </telecom>
  </contact>
  <description value="Bundle branch block types"/>
  <compose>
    <include>
      <system value="http://snomed.info/sct"/>
      <concept>
        <code value="713427006"/>
        <display value="Electrocardiographic complete right bundle branch block (finding)"/>
      </concept>
      <concept>
        <code value="733534002"/>
        <display value="Electrocardiographic complete left bundle branch block (finding)"/>
      </concept>
      <concept>
        <code value="445118002"/>
        <display value="Left anterior fascicular block on electrocardiogram (finding)"/>
      </concept>
      <concept>
        <code value="445211001"/>
        <display value="Left posterior fascicular block on electrocardiogram (finding)"/>
      </concept>
      <concept>
        <code value="445481009"/>
        <display value="Bifascicular block on electrocardiogram (finding)"/>
      </concept>
    </include>
    <include>
      <system value="https://www.napkon.de/fhir/CodeSystem/napkon-cardiology"/>
      <concept>
        <code value="ecg-bundle-branch-block"/>
        <display value="ECG: Bundle branch block"/>
      </concept>
    </include>
  </compose>
</ValueSet>