<?xml version="1.0" encoding="UTF-8"?>

<ValueSet xmlns="http://hl7.org/fhir">
  <id value="chronic-cardiologic-diseases-sct"/>
  <text>
    <status value="generated"/><div xmlns="http://www.w3.org/1999/xhtml"><p>This value set includes codes based on the following rules:</p><ul><li>Include codes from <a href="http://www.snomed.org/"><code>http://snomed.info/sct</code></a> where concept  is-a  49436004 (Atrial fibrillation)</li><li>Include codes from <a href="http://www.snomed.org/"><code>http://snomed.info/sct</code></a> where concept  is-a  5370000 (Atrial flutter)</li><li>Include codes from <a href="http://www.snomed.org/"><code>http://snomed.info/sct</code></a> where concept  is-a  399261000 (Past history of coronary artery bypass grafting)</li><li>Include codes from <a href="http://www.snomed.org/"><code>http://snomed.info/sct</code></a> where concept  is-a  84114007 (Heart failure)</li><li>Include codes from <a href="http://www.snomed.org/"><code>http://snomed.info/sct</code></a> where concept  is-a  85898001 (Cardiomyopathy)</li><li>Include codes from <a href="http://www.snomed.org/"><code>http://snomed.info/sct</code></a> where concept  is-a  13213009 (Congenital heart disease)</li></ul></div>
  </text>
  <url value="https://www.napkon.de/fhir/ValueSet/chronic-cardiologic-diseases-sct"/>
  <version value="0.1.0"/>
  <name value="ChronicCardiologicDiseasesSCT"/>
  <title value="Cardiology Chronic Diseases"/>
  <status value="draft"/>
  <date value="2021-11-17"/>
  <publisher value="Charité - Universitätsmedizin Berlin"/>
  <contact>
    <telecom>
      <system value="url"/>
      <value value="https://www.bihealth.org/en/research/core-facilities/interoperability/"/>
    </telecom>
  </contact>
  <description value="Cardiology Chronic Diseases Codes"/>
  <compose>
    <include>
      <system value="http://snomed.info/sct"/>
      <filter>
        <property value="concept"/>
        <op value="is-a"/>
        <value value="49436004"/>
      </filter>
    </include>
    <include>
      <system value="http://snomed.info/sct"/>
      <filter>
        <property value="concept"/>
        <op value="is-a"/>
        <value value="5370000"/>
      </filter>
    </include>
    <include>
      <system value="http://snomed.info/sct"/>
      <filter>
        <property value="concept"/>
        <op value="is-a"/>
        <value value="399261000"/>
      </filter>
    </include>
    <include>
      <system value="http://snomed.info/sct"/>
      <filter>
        <property value="concept"/>
        <op value="is-a"/>
        <value value="84114007"/>
      </filter>
    </include>
    <include>
      <system value="http://snomed.info/sct"/>
      <filter>
        <property value="concept"/>
        <op value="is-a"/>
        <value value="85898001"/>
      </filter>
    </include>
    <include>
      <system value="http://snomed.info/sct"/>
      <filter>
        <property value="concept"/>
        <op value="is-a"/>
        <value value="13213009"/>
      </filter>
    </include>
  </compose>
</ValueSet>