{
  "resourceType": "ValueSet",
  "id": "ecg-findings",
  "text": {
    "status": "generated",
    "div": "<div xmlns=\"http://www.w3.org/1999/xhtml\"><ul><li>Include these codes as defined in <a href=\"http://www.snomed.org/\"><code>http://snomed.info/sct</code></a><table class=\"none\"><tr><td style=\"white-space:nowrap\"><b>Code</b></td><td><b>Display</b></td></tr><tr><td><a href=\"http://browser.ihtsdotools.org/?perspective=full&amp;conceptId1=251150006\">251150006</a></td><td>Sinus rhythm (finding)</td></tr><tr><td><a href=\"http://browser.ihtsdotools.org/?perspective=full&amp;conceptId1=427172004\">427172004</a></td><td>Electrocardiogram: premature ventricular contractions (finding)</td></tr><tr><td><a href=\"http://browser.ihtsdotools.org/?perspective=full&amp;conceptId1=164885009\">164885009</a></td><td>Electrocardiographic atrial ectopics (finding)</td></tr><tr><td><a href=\"http://browser.ihtsdotools.org/?perspective=full&amp;conceptId1=59931005\">59931005</a></td><td>Inverted T wave (finding)</td></tr><tr><td><a href=\"http://browser.ihtsdotools.org/?perspective=full&amp;conceptId1=251146004\">251146004</a></td><td>Low QRS voltages (finding)</td></tr></table></li></ul></div>"
  },
  "url": "https://www.napkon.de/fhir/ValueSet/ecg-findings",
  "version": "1.0.0",
  "name": "ECGFindings",
  "title": "ECG Findings",
  "status": "active",
  "date": "2021-11-17",
  "publisher": "Charité - Universitätsmedizin Berlin",
  "contact": [
    {
      "telecom": [
        {
          "system": "url",
          "value": "https://www.bihealth.org/en/research/core-facilities/interoperability/"
        }
      ]
    }
  ],
  "description": "Other findings from electrocardiogram",
  "compose": {
    "include": [
      {
        "system": "http://snomed.info/sct",
        "concept": [
          {
            "code": "251150006",
            "display": "Sinus rhythm (finding)"
          },
          {
            "code": "427172004",
            "display": "Electrocardiogram: premature ventricular contractions (finding)"
          },
          {
            "code": "164885009",
            "display": "Electrocardiographic atrial ectopics (finding)"
          },
          {
            "code": "59931005",
            "display": "Inverted T wave (finding)"
          },
          {
            "code": "251146004",
            "display": "Low QRS voltages (finding)"
          }
        ]
      }
    ]
  }
}