{"resourceType":"ImplementationGuide","id":"napkon-cardiology","text":{"status":"extensions","div":"<div xmlns=\"http://www.w3.org/1999/xhtml\"><h2>napkoncardiology</h2><p>The official URL for this implementation guide is: </p><pre>https://www.napkon.de/fhir/ImplementationGuide/napkon-cardiology</pre></div>"},"url":"https://www.napkon.de/fhir/ImplementationGuide/napkon-cardiology","version":"1.0.0","name":"napkoncardiology","title":"NAPKON Cardiology Module","status":"active","date":"2022-04-08T10:13:07+00:00","publisher":"Charité - Universitätsmedizin Berlin","contact":[{"name":"Charité - Universitätsmedizin Berlin","telecom":[{"system":"url","value":"https://www.netzwerk-universitaetsmedizin.de"}]}],"packageId":"napkon-cardiology","license":"CC0-1.0","fhirVersion":["4.0.1"],"dependsOn":[{"id":"de_medizininformatikinitiative_kerndatensatz_prozedur","uri":"https://simplifier.net/guide/medizininformatikinitiative-modulprozeduren-implementationguide","packageId":"de.medizininformatikinitiative.kerndatensatz.prozedur","version":"2.0.0-alpha3"},{"id":"de_medizininformatikinitiative_kerndatensatz_person","uri":"https://simplifier.net/guide/medizininformatikinitiative-modulperson-implementationguide","packageId":"de.medizininformatikinitiative.kerndatensatz.person","version":"2.0.0-alpha3"},{"id":"de_medizininformatikinitiative_kerndatensatz_medikation","uri":"https://simplifier.net/guide/medizininformatikinitiative-modulmedikation-implementationguide","packageId":"de.medizininformatikinitiative.kerndatensatz.medikation","version":"1.0.10"},{"id":"de_medizininformatikinitiative_kerndatensatz_diagnose","uri":"https://simplifier.net/guide/medizininformatikinitiative-moduldiagnosen-implementationguide","packageId":"de.medizininformatikinitiative.kerndatensatz.diagnose","version":"2.0.0-alpha3"},{"id":"de_medizininformatikinitiative_kerndatensatz_laborbefund","uri":"https://simplifier.net/guide/laborbefundindermedizininformatik-initiative","packageId":"de.medizininformatikinitiative.kerndatensatz.laborbefund","version":"1.0.6"},{"id":"de_gecco","uri":"https://simplifier.net/guide/germancoronaconsensusdataset-implementationguide","packageId":"de.gecco","version":"1.0.5"},{"id":"de_medizininformatikinitiative_kerndatensatz_meta","uri":"https://simplifier.net/guide/medizininformatikinitiative-implementationguide-manteldokument","packageId":"de.medizininformatikinitiative.kerndatensatz.meta","version":"1.0.3"}],"definition":{"extension":[{"extension":[{"url":"code","valueString":"copyrightyear"},{"url":"value","valueString":"2021+"}],"url":"http://hl7.org/fhir/tools/StructureDefinition/ig-parameter"},{"extension":[{"url":"code","valueString":"releaselabel"},{"url":"value","valueString":"ci-build"}],"url":"http://hl7.org/fhir/tools/StructureDefinition/ig-parameter"},{"extension":[{"url":"code","valueString":"active-tables"},{"url":"value","valueString":"true"}],"url":"http://hl7.org/fhir/tools/StructureDefinition/ig-parameter"},{"extension":[{"url":"code","valueString":"apply-contact"},{"url":"value","valueString":"false"}],"url":"http://hl7.org/fhir/tools/StructureDefinition/ig-parameter"},{"extension":[{"url":"code","valueString":"apply-jurisdiction"},{"url":"value","valueString":"false"}],"url":"http://hl7.org/fhir/tools/StructureDefinition/ig-parameter"},{"extension":[{"url":"code","valueString":"apply-publisher"},{"url":"value","valueString":"false"}],"url":"http://hl7.org/fhir/tools/StructureDefinition/ig-parameter"},{"extension":[{"url":"code","valueString":"apply-version"},{"url":"value","valueString":"false"}],"url":"http://hl7.org/fhir/tools/StructureDefinition/ig-parameter"},{"extension":[{"url":"code","valueString":"show-inherited-invariants"},{"url":"value","valueString":"false"}],"url":"http://hl7.org/fhir/tools/StructureDefinition/ig-parameter"},{"extension":[{"url":"code","valueString":"usage-stats-opt-out"},{"url":"value","valueString":"true"}],"url":"http://hl7.org/fhir/tools/StructureDefinition/ig-parameter"},{"extension":[{"url":"code","valueString":"excludexml"},{"url":"value","valueString":"false"}],"url":"http://hl7.org/fhir/tools/StructureDefinition/ig-parameter"},{"extension":[{"url":"code","valueString":"excludejsn"},{"url":"value","valueString":"false"}],"url":"http://hl7.org/fhir/tools/StructureDefinition/ig-parameter"},{"extension":[{"url":"code","valueString":"excludettl"},{"url":"value","valueString":"true"}],"url":"http://hl7.org/fhir/tools/StructureDefinition/ig-parameter"},{"extension":[{"url":"code","valueString":"excludemap"},{"url":"value","valueString":"true"}],"url":"http://hl7.org/fhir/tools/StructureDefinition/ig-parameter"},{"extension":[{"url":"code","valueString":"excludeexample"},{"url":"value","valueString":"true"}],"url":"http://hl7.org/fhir/tools/StructureDefinition/ig-parameter"},{"extension":[{"url":"code","valueString":"extension-domain"},{"url":"value","valueString":"https://www.netzwerk-universitaetsmedizin.de"}],"url":"http://hl7.org/fhir/tools/StructureDefinition/ig-parameter"},{"extension":[{"url":"code","valueString":"extension-domain"},{"url":"value","valueString":"https://napkon.de"}],"url":"http://hl7.org/fhir/tools/StructureDefinition/ig-parameter"},{"extension":[{"url":"code","valueString":"extension-domain"},{"url":"value","valueString":"https://simplifier.net"}],"url":"http://hl7.org/fhir/tools/StructureDefinition/ig-parameter"},{"extension":[{"url":"code","valueString":"autoload-resources"},{"url":"value","valueString":"true"}],"url":"http://hl7.org/fhir/tools/StructureDefinition/ig-parameter"},{"extension":[{"url":"code","valueString":"path-liquid"},{"url":"value","valueString":"template/liquid"}],"url":"http://hl7.org/fhir/tools/StructureDefinition/ig-parameter"},{"extension":[{"url":"code","valueString":"path-liquid"},{"url":"value","valueString":"input/liquid"}],"url":"http://hl7.org/fhir/tools/StructureDefinition/ig-parameter"},{"extension":[{"url":"code","valueString":"path-qa"},{"url":"value","valueString":"temp/qa"}],"url":"http://hl7.org/fhir/tools/StructureDefinition/ig-parameter"},{"extension":[{"url":"code","valueString":"path-temp"},{"url":"value","valueString":"temp/pages"}],"url":"http://hl7.org/fhir/tools/StructureDefinition/ig-parameter"},{"extension":[{"url":"code","valueString":"path-output"},{"url":"value","valueString":"output"}],"url":"http://hl7.org/fhir/tools/StructureDefinition/ig-parameter"},{"extension":[{"url":"code","valueString":"path-suppressed-warnings"},{"url":"value","valueString":"input/ignoreWarnings.txt"}],"url":"http://hl7.org/fhir/tools/StructureDefinition/ig-parameter"},{"extension":[{"url":"code","valueString":"path-history"},{"url":"value","valueString":"https://www.napkon.de/fhir/history.html"}],"url":"http://hl7.org/fhir/tools/StructureDefinition/ig-parameter"},{"extension":[{"url":"code","valueString":"template-html"},{"url":"value","valueString":"template-page.html"}],"url":"http://hl7.org/fhir/tools/StructureDefinition/ig-parameter"},{"extension":[{"url":"code","valueString":"template-md"},{"url":"value","valueString":"template-page-md.html"}],"url":"http://hl7.org/fhir/tools/StructureDefinition/ig-parameter"},{"extension":[{"url":"code","valueString":"apply-context"},{"url":"value","valueString":"true"}],"url":"http://hl7.org/fhir/tools/StructureDefinition/ig-parameter"},{"extension":[{"url":"code","valueString":"apply-copyright"},{"url":"value","valueString":"true"}],"url":"http://hl7.org/fhir/tools/StructureDefinition/ig-parameter"},{"extension":[{"url":"code","valueString":"apply-license"},{"url":"value","valueString":"true"}],"url":"http://hl7.org/fhir/tools/StructureDefinition/ig-parameter"},{"extension":[{"url":"code","valueString":"fmm-definition"},{"url":"value","valueString":"http://hl7.org/fhir/versions.html#maturity"}],"url":"http://hl7.org/fhir/tools/StructureDefinition/ig-parameter"},{"extension":[{"url":"code","valueString":"propagate-status"},{"url":"value","valueString":"true"}],"url":"http://hl7.org/fhir/tools/StructureDefinition/ig-parameter"},{"extension":[{"url":"code","valueString":"excludelogbinaryformat"},{"url":"value","valueString":"true"}],"url":"http://hl7.org/fhir/tools/StructureDefinition/ig-parameter"}],"grouping":[{"id":"-str-profile","name":"Structures: Resource Profiles","description":"These define constraints on FHIR resources for systems conforming to this implementation guide"},{"id":"-str-extension","name":"Structures: Extension Definitions","description":"These define constraints on FHIR data types for systems conforming to this implementation guide"},{"id":"-term-valueset","name":"Terminology: Value Sets","description":"These define sets of codes used by systems conforming to this implementation guide"},{"id":"-term-codesystem","name":"Terminology: Code Systems","description":"These define new code systems used by systems conforming to this implementation guide"},{"id":"-ex-example","name":"Example: Example Instances","description":"These are example instances that show what data produced and consumed by systems conforming with this implementation guide might look like"}],"resource":[{"extension":[{"url":"http://hl7.org/fhir/StructureDefinition/implementationguide-page","valueUri":"StructureDefinition-complications-covid19.html"}],"reference":{"reference":"StructureDefinition/complications-covid19"},"name":"Complications of COVID-19","description":"Complications in the context of COVID-19","exampleBoolean":false,"groupingId":"-str-profile"},{"extension":[{"url":"http://hl7.org/fhir/StructureDefinition/implementationguide-page","valueUri":"StructureDefinition-cardiovascular-investigation.html"}],"reference":{"reference":"StructureDefinition/cardiovascular-investigation"},"name":"Cardiovascular investigation","description":"Defines constraints and methods on imaging procedures performed on the patient.","exampleBoolean":false,"groupingId":"-str-profile"},{"extension":[{"url":"http://hl7.org/fhir/StructureDefinition/implementationguide-page","valueUri":"StructureDefinition-chronic-cardiologic-disease.html"}],"reference":{"reference":"StructureDefinition/chronic-cardiologic-disease"},"name":"Chronic Cardiologic Diseases","description":"Occurrence of Chronic Cardiologic Diseases","exampleBoolean":false,"groupingId":"-str-profile"},{"extension":[{"url":"http://hl7.org/fhir/StructureDefinition/implementationguide-page","valueUri":"StructureDefinition-ecg-atrioventricular-block.html"}],"reference":{"reference":"StructureDefinition/ecg-atrioventricular-block"},"name":"ECG Atrioventricular Block","description":"Atrioventricular block finding from electrocardiogram","exampleBoolean":false,"groupingId":"-str-profile"},{"extension":[{"url":"http://hl7.org/fhir/StructureDefinition/implementationguide-page","valueUri":"StructureDefinition-ecg-bundle-branch-block.html"}],"reference":{"reference":"StructureDefinition/ecg-bundle-branch-block"},"name":"ECG Bundle Branch Block","description":"Bundle branch block findings from electrocardiogram","exampleBoolean":false,"groupingId":"-str-profile"},{"extension":[{"url":"http://hl7.org/fhir/StructureDefinition/implementationguide-page","valueUri":"StructureDefinition-ecg-findings.html"}],"reference":{"reference":"StructureDefinition/ecg-findings"},"name":"ECG Findings","description":"Other findings from electrocardiogram","exampleBoolean":false,"groupingId":"-str-profile"},{"extension":[{"url":"http://hl7.org/fhir/StructureDefinition/implementationguide-page","valueUri":"StructureDefinition-ecg-qrs-axis.html"}],"reference":{"reference":"StructureDefinition/ecg-qrs-axis"},"name":"ECG QRS Axis","description":"QRS Axis orientiation from electrocardiogram","exampleBoolean":false,"groupingId":"-str-profile"},{"extension":[{"url":"http://hl7.org/fhir/StructureDefinition/implementationguide-page","valueUri":"StructureDefinition-ecg-qrs-interval.html"}],"reference":{"reference":"StructureDefinition/ecg-qrs-interval"},"name":"ECG QRS Interval","description":"QRS interval from electrocardiogram","exampleBoolean":false,"groupingId":"-str-profile"},{"extension":[{"url":"http://hl7.org/fhir/StructureDefinition/implementationguide-page","valueUri":"StructureDefinition-ecg-qt-interval.html"}],"reference":{"reference":"StructureDefinition/ecg-qt-interval"},"name":"ECG QT Interval","description":"QT Interval duration from electrocardiogram","exampleBoolean":false,"groupingId":"-str-profile"},{"extension":[{"url":"http://hl7.org/fhir/StructureDefinition/implementationguide-page","valueUri":"StructureDefinition-ecg-st-interval.html"}],"reference":{"reference":"StructureDefinition/ecg-st-interval"},"name":"ECG ST Interval","description":"ST interval from electrocardiogram","exampleBoolean":false,"groupingId":"-str-profile"},{"extension":[{"url":"http://hl7.org/fhir/StructureDefinition/implementationguide-page","valueUri":"StructureDefinition-echocardiography-findings.html"}],"reference":{"reference":"StructureDefinition/echocardiography-findings"},"name":"Echocardiography Findings","description":"Findings from echocardiography","exampleBoolean":false,"groupingId":"-str-profile"},{"extension":[{"url":"http://hl7.org/fhir/StructureDefinition/implementationguide-page","valueUri":"StructureDefinition-left-ventricular-ejection-fraction.html"}],"reference":{"reference":"StructureDefinition/left-ventricular-ejection-fraction"},"name":"Left Ventricular Ejection Fraction","description":"Left Ventricular Ejection Fraction in %","exampleBoolean":false,"groupingId":"-str-profile"},{"extension":[{"url":"http://hl7.org/fhir/StructureDefinition/implementationguide-page","valueUri":"StructureDefinition-medication-angiotensin-receptor-antagonist.html"}],"reference":{"reference":"StructureDefinition/medication-angiotensin-receptor-antagonist"},"name":"Medication Angiotensin Receptor Antagonist","description":"Medication requirements in the context of cardiology module","exampleBoolean":false,"groupingId":"-str-profile"},{"extension":[{"url":"http://hl7.org/fhir/StructureDefinition/implementationguide-page","valueUri":"StructureDefinition-tricuspid-annular-plane-systolic-excursion.html"}],"reference":{"reference":"StructureDefinition/tricuspid-annular-plane-systolic-excursion"},"name":"Tricuspid Annular Plane Systolic Excursion","description":"Tricuspid Annular Plane Systolic Excursion in cm","exampleBoolean":false,"groupingId":"-str-profile"},{"extension":[{"url":"http://hl7.org/fhir/StructureDefinition/implementationguide-page","valueUri":"StructureDefinition-condition-diseaseCourse.html"}],"reference":{"reference":"StructureDefinition/condition-diseaseCourse"},"name":"DiseaseCourse","description":"The clinical course of the disease (how the disease behaves over time), such as acute versus chronic.","exampleBoolean":false,"groupingId":"-str-extension"},{"extension":[{"url":"http://hl7.org/fhir/StructureDefinition/implementationguide-page","valueUri":"ValueSet-covid19-complications.html"}],"reference":{"reference":"ValueSet/covid19-complications"},"name":"COVID19 Complications","description":"Complications of COVID-19","exampleBoolean":false,"groupingId":"-term-valueset"},{"extension":[{"url":"http://hl7.org/fhir/StructureDefinition/implementationguide-page","valueUri":"ValueSet-cardiology-imaging-procedures.html"}],"reference":{"reference":"ValueSet/cardiology-imaging-procedures"},"name":"Cardiology Imaging Procedures ValueSet","description":"Imaging procedures related to cardiology","exampleBoolean":false,"groupingId":"-term-valueset"},{"extension":[{"url":"http://hl7.org/fhir/StructureDefinition/implementationguide-page","valueUri":"ValueSet-chronic-cardiologic-diseases-icd.html"}],"reference":{"reference":"ValueSet/chronic-cardiologic-diseases-icd"},"name":"Cardiology Chronic Diseases","description":"Cardiology Chronic Diseases Codes","exampleBoolean":false,"groupingId":"-term-valueset"},{"extension":[{"url":"http://hl7.org/fhir/StructureDefinition/implementationguide-page","valueUri":"ValueSet-chronic-cardiologic-diseases-sct.html"}],"reference":{"reference":"ValueSet/chronic-cardiologic-diseases-sct"},"name":"Cardiology Chronic Diseases","description":"Cardiology Chronic Diseases Codes","exampleBoolean":false,"groupingId":"-term-valueset"},{"extension":[{"url":"http://hl7.org/fhir/StructureDefinition/implementationguide-page","valueUri":"ValueSet-condition-course.html"}],"reference":{"reference":"ValueSet/condition-course"},"name":"Condition Course Codes","description":"Value set for clinical course of a disease (how the disease behaves over time).","exampleBoolean":false,"groupingId":"-term-valueset"},{"extension":[{"url":"http://hl7.org/fhir/StructureDefinition/implementationguide-page","valueUri":"ValueSet-detected-not-detected-unknown-undetermined.html"}],"reference":{"reference":"ValueSet/detected-not-detected-unknown-undetermined"},"name":"Detected Not Detected Unknown Undetermined","description":"Values for laboratory observations","exampleBoolean":false,"groupingId":"-term-valueset"},{"extension":[{"url":"http://hl7.org/fhir/StructureDefinition/implementationguide-page","valueUri":"ValueSet-ecg-atrioventricular-block.html"}],"reference":{"reference":"ValueSet/ecg-atrioventricular-block"},"name":"ECG Atrioventricular Block","description":"Atrioventricular block gradings","exampleBoolean":false,"groupingId":"-term-valueset"},{"extension":[{"url":"http://hl7.org/fhir/StructureDefinition/implementationguide-page","valueUri":"ValueSet-ecg-bundle-branch-block.html"}],"reference":{"reference":"ValueSet/ecg-bundle-branch-block"},"name":"ECG Bundle Branch Block","description":"Bundle branch block types","exampleBoolean":false,"groupingId":"-term-valueset"},{"extension":[{"url":"http://hl7.org/fhir/StructureDefinition/implementationguide-page","valueUri":"ValueSet-ecg-findings.html"}],"reference":{"reference":"ValueSet/ecg-findings"},"name":"ECG Findings","description":"Other findings from electrocardiogram","exampleBoolean":false,"groupingId":"-term-valueset"},{"extension":[{"url":"http://hl7.org/fhir/StructureDefinition/implementationguide-page","valueUri":"ValueSet-ecg-qrs-axis.html"}],"reference":{"reference":"ValueSet/ecg-qrs-axis"},"name":"ECG QRS Axis","description":"QRS axis orientation types","exampleBoolean":false,"groupingId":"-term-valueset"},{"extension":[{"url":"http://hl7.org/fhir/StructureDefinition/implementationguide-page","valueUri":"ValueSet-ecg-qrs-interval.html"}],"reference":{"reference":"ValueSet/ecg-qrs-interval"},"name":"ECG QRS Interval","description":"QRS interval findings","exampleBoolean":false,"groupingId":"-term-valueset"},{"extension":[{"url":"http://hl7.org/fhir/StructureDefinition/implementationguide-page","valueUri":"ValueSet-ecg-qt-interval.html"}],"reference":{"reference":"ValueSet/ecg-qt-interval"},"name":"ECG QT Interval","description":"QT interval findings","exampleBoolean":false,"groupingId":"-term-valueset"},{"extension":[{"url":"http://hl7.org/fhir/StructureDefinition/implementationguide-page","valueUri":"ValueSet-ecg-st-interval.html"}],"reference":{"reference":"ValueSet/ecg-st-interval"},"name":"ECG ST Interval","description":"ST Interval findings","exampleBoolean":false,"groupingId":"-term-valueset"},{"extension":[{"url":"http://hl7.org/fhir/StructureDefinition/implementationguide-page","valueUri":"ValueSet-echocardiography-findings.html"}],"reference":{"reference":"ValueSet/echocardiography-findings"},"name":"Echocardiography Findings","description":"Codes for Echocardiography Findings","exampleBoolean":false,"groupingId":"-term-valueset"},{"extension":[{"url":"http://hl7.org/fhir/StructureDefinition/implementationguide-page","valueUri":"ValueSet-echocardiography-findings-icd.html"}],"reference":{"reference":"ValueSet/echocardiography-findings-icd"},"name":"Echocardiography Findings ICD10 GM","description":"Codes for Echocardiography Findings (ICD10 GM)","exampleBoolean":false,"groupingId":"-term-valueset"},{"extension":[{"url":"http://hl7.org/fhir/StructureDefinition/implementationguide-page","valueUri":"ValueSet-lvef-interpretation.html"}],"reference":{"reference":"ValueSet/lvef-interpretation"},"name":"LVEF Interpretation","description":"Interpretation of left ventricular ejection fraction","exampleBoolean":false,"groupingId":"-term-valueset"},{"extension":[{"url":"http://hl7.org/fhir/StructureDefinition/implementationguide-page","valueUri":"ValueSet-medication-angiotensin-receptor-antagonist.html"}],"reference":{"reference":"ValueSet/medication-angiotensin-receptor-antagonist"},"name":"Angiotensin II receptor antagonist","description":"Angiotensin II receptor antagonist in the context of cardiology module (SNOMED CT codes)","exampleBoolean":false,"groupingId":"-term-valueset"},{"extension":[{"url":"http://hl7.org/fhir/StructureDefinition/implementationguide-page","valueUri":"ValueSet-medication-angiotensin-receptor-antagonist-atc.html"}],"reference":{"reference":"ValueSet/medication-angiotensin-receptor-antagonist-atc"},"name":"Angiotensin II Receptor Antagonist","description":"Angiotensin II receptor antagonist in the context of cardiology module (ATC DE codes)","exampleBoolean":false,"groupingId":"-term-valueset"},{"extension":[{"url":"http://hl7.org/fhir/StructureDefinition/implementationguide-page","valueUri":"ValueSet-present-not-present-undetermined-other.html"}],"reference":{"reference":"ValueSet/present-not-present-undetermined-other"},"name":"Present Not Present Undetermined Other","description":"Values for laboratory observations","exampleBoolean":false,"groupingId":"-term-valueset"},{"extension":[{"url":"http://hl7.org/fhir/StructureDefinition/implementationguide-page","valueUri":"ValueSet-restricted-event-status.html"}],"reference":{"reference":"ValueSet/restricted-event-status"},"name":"RestrictedEventStatus","description":"EventStatus value set restricted to codes not-done, active, completed and unknown","exampleBoolean":false,"groupingId":"-term-valueset"},{"extension":[{"url":"http://hl7.org/fhir/StructureDefinition/implementationguide-page","valueUri":"ValueSet-yes-no-unknown.html"}],"reference":{"reference":"ValueSet/yes-no-unknown"},"name":"Yes No Unknown","description":"Yes / No / Unknown","exampleBoolean":false,"groupingId":"-term-valueset"},{"extension":[{"url":"http://hl7.org/fhir/StructureDefinition/implementationguide-page","valueUri":"CodeSystem-napkon-cardiology.html"}],"reference":{"reference":"CodeSystem/napkon-cardiology"},"name":"Napkon Cardiology","description":"NAPKON Cardiology Module Code System - Collection of cardiology module-specific codes that are missing from common terminologies such as SNOMED CT","exampleBoolean":false,"groupingId":"-term-codesystem"},{"extension":[{"url":"http://hl7.org/fhir/StructureDefinition/implementationguide-page","valueUri":"Observation-AtrialEctopicsUnknown.html"}],"reference":{"reference":"Observation/AtrialEctopicsUnknown"},"name":"Atrial Ectopics Unknown","description":"Example: Unknown status (presence) of Atrial ectopics","exampleCanonical":"https://www.napkon.de/fhir/StructureDefinition/ecg-findings","groupingId":"-ex-example"},{"extension":[{"url":"http://hl7.org/fhir/StructureDefinition/implementationguide-page","valueUri":"Condition-BacterialRespiratoryInfectionUnknown.html"}],"reference":{"reference":"Condition/BacterialRespiratoryInfectionUnknown"},"name":"Bacterial Respiratory Infection Unknown","description":"Example: Unknown status (presence) of a Bacterial Respiratory Infection","exampleCanonical":"https://www.napkon.de/fhir/StructureDefinition/complications-covid19","groupingId":"-ex-example"},{"extension":[{"url":"http://hl7.org/fhir/StructureDefinition/implementationguide-page","valueUri":"Condition-CardiogenicShockRefuted.html"}],"reference":{"reference":"Condition/CardiogenicShockRefuted"},"name":"Cardiogenic shock Refuted","description":"Example: Cardiogenic shock refuted","exampleCanonical":"https://www.napkon.de/fhir/StructureDefinition/complications-covid19","groupingId":"-ex-example"},{"extension":[{"url":"http://hl7.org/fhir/StructureDefinition/implementationguide-page","valueUri":"Procedure-CardiovascularInvestigation.html"}],"reference":{"reference":"Procedure/CardiovascularInvestigation"},"name":"Cardiovascular Investigation","description":"Example of a Cardiovascular Investigation","exampleCanonical":"https://www.napkon.de/fhir/StructureDefinition/cardiovascular-investigation","groupingId":"-ex-example"},{"extension":[{"url":"http://hl7.org/fhir/StructureDefinition/implementationguide-page","valueUri":"Observation-ECGAtrioventricularBlockConfirmed.html"}],"reference":{"reference":"Observation/ECGAtrioventricularBlockConfirmed"},"name":"ECG Atrioventricular Block Confirmed","description":"Example: Atrioventricular block (complete = grade III) confirmed","exampleCanonical":"https://www.napkon.de/fhir/StructureDefinition/ecg-atrioventricular-block","groupingId":"-ex-example"},{"extension":[{"url":"http://hl7.org/fhir/StructureDefinition/implementationguide-page","valueUri":"Observation-ECGAtrioventricularBlockRefuted.html"}],"reference":{"reference":"Observation/ECGAtrioventricularBlockRefuted"},"name":"ECG Atrioventricular Block Refuted","description":"Example: Atrioventricular block refuted","exampleCanonical":"https://www.napkon.de/fhir/StructureDefinition/ecg-atrioventricular-block","groupingId":"-ex-example"},{"extension":[{"url":"http://hl7.org/fhir/StructureDefinition/implementationguide-page","valueUri":"Observation-ECGAtrioventricularBlockUnknown.html"}],"reference":{"reference":"Observation/ECGAtrioventricularBlockUnknown"},"name":"ECG Atrioventricular Block Unknown","description":"Example: Unknown status (presence) of an atrioventricular block","exampleCanonical":"https://www.napkon.de/fhir/StructureDefinition/ecg-atrioventricular-block","groupingId":"-ex-example"},{"extension":[{"url":"http://hl7.org/fhir/StructureDefinition/implementationguide-page","valueUri":"Observation-ECGBundleBranchBlock.html"}],"reference":{"reference":"Observation/ECGBundleBranchBlock"},"name":"ECG Bundle Branch Block","description":"Example: Complete left bundle branch block","exampleCanonical":"https://www.napkon.de/fhir/StructureDefinition/ecg-bundle-branch-block","groupingId":"-ex-example"},{"extension":[{"url":"http://hl7.org/fhir/StructureDefinition/implementationguide-page","valueUri":"Observation-ECGNoBundleBranchBlock.html"}],"reference":{"reference":"Observation/ECGNoBundleBranchBlock"},"name":"ECG No Bundle Branch Block","description":"Example: No bundle branch block","exampleCanonical":"https://www.napkon.de/fhir/StructureDefinition/ecg-bundle-branch-block","groupingId":"-ex-example"},{"extension":[{"url":"http://hl7.org/fhir/StructureDefinition/implementationguide-page","valueUri":"Observation-ECGNoBundleBranchBlockUnknown.html"}],"reference":{"reference":"Observation/ECGNoBundleBranchBlockUnknown"},"name":"ECG Bundle Branch Block Unknown","description":"Example: Unknown status (presence) of a bundle branch block","exampleCanonical":"https://www.napkon.de/fhir/StructureDefinition/ecg-bundle-branch-block","groupingId":"-ex-example"},{"extension":[{"url":"http://hl7.org/fhir/StructureDefinition/implementationguide-page","valueUri":"Observation-ECGQRSAxis.html"}],"reference":{"reference":"Observation/ECGQRSAxis"},"name":"ECG QRS Axis","description":"Example: QRS Axis steep type","exampleCanonical":"https://www.napkon.de/fhir/StructureDefinition/ecg-qrs-axis","groupingId":"-ex-example"},{"extension":[{"url":"http://hl7.org/fhir/StructureDefinition/implementationguide-page","valueUri":"Observation-ECGQRSInterval.html"}],"reference":{"reference":"Observation/ECGQRSInterval"},"name":"ECG QRS Interval","description":"Example: Wide QRS complex","exampleCanonical":"https://www.napkon.de/fhir/StructureDefinition/ecg-qrs-interval","groupingId":"-ex-example"},{"extension":[{"url":"http://hl7.org/fhir/StructureDefinition/implementationguide-page","valueUri":"Observation-ECGQTInterval.html"}],"reference":{"reference":"Observation/ECGQTInterval"},"name":"ECG QT Interval","description":"Example: Normal QT interval","exampleCanonical":"https://www.napkon.de/fhir/StructureDefinition/ecg-qt-interval","groupingId":"-ex-example"},{"extension":[{"url":"http://hl7.org/fhir/StructureDefinition/implementationguide-page","valueUri":"Observation-ECGSTInterval.html"}],"reference":{"reference":"Observation/ECGSTInterval"},"name":"ECG ST Interval","description":"Example: ST segment elevation","exampleCanonical":"https://www.napkon.de/fhir/StructureDefinition/ecg-st-interval","groupingId":"-ex-example"},{"extension":[{"url":"http://hl7.org/fhir/StructureDefinition/implementationguide-page","valueUri":"Patient-ExamplePatient.html"}],"reference":{"reference":"Patient/ExamplePatient"},"name":"ExamplePatient","description":"Example patient to be used as reference in other instances","exampleBoolean":true,"groupingId":"-ex-example"},{"extension":[{"url":"http://hl7.org/fhir/StructureDefinition/implementationguide-page","valueUri":"Observation-InvertedTWaveRefuted.html"}],"reference":{"reference":"Observation/InvertedTWaveRefuted"},"name":"Inverted T Wave Refuted","description":"Example: Inverted T Wave refuted","exampleCanonical":"https://www.napkon.de/fhir/StructureDefinition/ecg-findings","groupingId":"-ex-example"},{"extension":[{"url":"http://hl7.org/fhir/StructureDefinition/implementationguide-page","valueUri":"MedicationStatement-MedicationAngiotensinReceptorAntagonistATC.html"}],"reference":{"reference":"MedicationStatement/MedicationAngiotensinReceptorAntagonistATC"},"name":"Medication Angiotensin Receptor Antagonist","description":"Example of profile medication-angiotensin-receptor-antagonist in the context of cardiology module","exampleCanonical":"https://www.napkon.de/fhir/StructureDefinition/medication-angiotensin-receptor-antagonist","groupingId":"-ex-example"},{"extension":[{"url":"http://hl7.org/fhir/StructureDefinition/implementationguide-page","valueUri":"MedicationStatement-MedicationAngiotensinReceptorAntagonistSCT.html"}],"reference":{"reference":"MedicationStatement/MedicationAngiotensinReceptorAntagonistSCT"},"name":"Medication Angiotensin Receptor Antagonist","description":"Example of profile medication-angiotensin-receptor-antagonist in the context of cardiology module","exampleCanonical":"https://www.napkon.de/fhir/StructureDefinition/medication-angiotensin-receptor-antagonist","groupingId":"-ex-example"},{"extension":[{"url":"http://hl7.org/fhir/StructureDefinition/implementationguide-page","valueUri":"Condition-MyocarditisConfirmed.html"}],"reference":{"reference":"Condition/MyocarditisConfirmed"},"name":"Myocarditis Confirmed","description":"Example: Myocarditis confirmed","exampleCanonical":"https://www.napkon.de/fhir/StructureDefinition/complications-covid19","groupingId":"-ex-example"},{"extension":[{"url":"http://hl7.org/fhir/StructureDefinition/implementationguide-page","valueUri":"Observation-SinusRhythmConfirmed.html"}],"reference":{"reference":"Observation/SinusRhythmConfirmed"},"name":"Sinus Rhythm Confirmed","description":"Example: Sinus Rhythm Confirmed","exampleCanonical":"https://www.napkon.de/fhir/StructureDefinition/ecg-findings","groupingId":"-ex-example"},{"extension":[{"url":"http://hl7.org/fhir/StructureDefinition/implementationguide-page","valueUri":"Condition-chronic-cardiologic-diseases-instance.html"}],"reference":{"reference":"Condition/chronic-cardiologic-diseases-instance"},"name":"chronic-cardiologic-diseases-instance","description":"Chronical Cardiological Diseases","exampleCanonical":"https://www.napkon.de/fhir/StructureDefinition/chronic-cardiologic-disease","groupingId":"-ex-example"},{"extension":[{"url":"http://hl7.org/fhir/StructureDefinition/implementationguide-page","valueUri":"Condition-echo-finding-confirmed.html"}],"reference":{"reference":"Condition/echo-finding-confirmed"},"name":"Echocardiography finding - confirmed","description":"Example of a confirmed finding from echocardiography","exampleCanonical":"https://www.napkon.de/fhir/StructureDefinition/echocardiography-findings","groupingId":"-ex-example"},{"extension":[{"url":"http://hl7.org/fhir/StructureDefinition/implementationguide-page","valueUri":"Condition-echo-finding-confirmed-icd-snomed.html"}],"reference":{"reference":"Condition/echo-finding-confirmed-icd-snomed"},"name":"Echocardiography finding - confirmed (ICD10 GM code)","description":"Example of a confirmed finding from echocardiography","exampleCanonical":"https://www.napkon.de/fhir/StructureDefinition/echocardiography-findings","groupingId":"-ex-example"},{"extension":[{"url":"http://hl7.org/fhir/StructureDefinition/implementationguide-page","valueUri":"Condition-echo-finding-refuted.html"}],"reference":{"reference":"Condition/echo-finding-refuted"},"name":"Echocardiography finding - refuted","description":"Example of a refuted finding from echocardiography","exampleCanonical":"https://www.napkon.de/fhir/StructureDefinition/echocardiography-findings","groupingId":"-ex-example"},{"extension":[{"url":"http://hl7.org/fhir/StructureDefinition/implementationguide-page","valueUri":"Condition-echo-finding-uncertain.html"}],"reference":{"reference":"Condition/echo-finding-uncertain"},"name":"Echocardiography finding - unknown","description":"Example of a finding from echocardiography of which the presence is unknown","exampleCanonical":"https://www.napkon.de/fhir/StructureDefinition/echocardiography-findings","groupingId":"-ex-example"},{"extension":[{"url":"http://hl7.org/fhir/StructureDefinition/implementationguide-page","valueUri":"Observation-left-ventricular-ejection-fraction.html"}],"reference":{"reference":"Observation/left-ventricular-ejection-fraction"},"name":"Example of a left ventricular ejection fraction observation","description":"Example of left ventricular ejection fraction","exampleCanonical":"https://www.napkon.de/fhir/StructureDefinition/left-ventricular-ejection-fraction","groupingId":"-ex-example"},{"extension":[{"url":"http://hl7.org/fhir/StructureDefinition/implementationguide-page","valueUri":"Observation-tricuspid-annular-plane-systolic-excursion.html"}],"reference":{"reference":"Observation/tricuspid-annular-plane-systolic-excursion"},"name":"Example of a tricuspid annular plane systolic excursion observation","description":"Example of tricuspid annular plane systolic excursion","exampleCanonical":"https://www.napkon.de/fhir/StructureDefinition/tricuspid-annular-plane-systolic-excursion","groupingId":"-ex-example"}],"page":{"nameUrl":"toc.html","title":"Table of Contents","generation":"html","page":[{"nameUrl":"index.html","title":"NAPKON Cardiology Module","generation":"markdown"},{"nameUrl":"profiles.html","title":"Profiles","generation":"markdown"},{"nameUrl":"codesystems.html","title":"Code Systems","generation":"markdown"},{"nameUrl":"valuesets.html","title":"Value Sets","generation":"markdown"},{"nameUrl":"extensions.html","title":"Extensions","generation":"markdown"},{"nameUrl":"examples.html","title":"Examples","generation":"markdown"},{"nameUrl":"downloads.html","title":"Downloads","generation":"html"},{"nameUrl":"changelog.html","title":"Change Log","generation":"markdown"},{"nameUrl":"artifacts.html","title":"Artifacts","generation":"html","page":[{"nameUrl":"gecco-laboratory-troponin.html","title":"GECCO Laboratory Troponin I/T","generation":"markdown"},{"nameUrl":"StructureDefinition-complications-covid19.html","title":"Complications of COVID-19","generation":"generated"},{"nameUrl":"StructureDefinition-cardiovascular-investigation.html","title":"Cardiovascular investigation","generation":"generated"},{"nameUrl":"StructureDefinition-chronic-cardiologic-disease.html","title":"Chronic Cardiologic Diseases","generation":"generated"},{"nameUrl":"StructureDefinition-ecg-atrioventricular-block.html","title":"ECG Atrioventricular Block","generation":"generated"},{"nameUrl":"StructureDefinition-ecg-bundle-branch-block.html","title":"ECG Bundle Branch Block","generation":"generated"},{"nameUrl":"StructureDefinition-ecg-findings.html","title":"ECG Findings","generation":"generated"},{"nameUrl":"StructureDefinition-ecg-qrs-axis.html","title":"ECG QRS Axis","generation":"generated"},{"nameUrl":"StructureDefinition-ecg-qrs-interval.html","title":"ECG QRS Interval","generation":"generated"},{"nameUrl":"StructureDefinition-ecg-qt-interval.html","title":"ECG QT Interval","generation":"generated"},{"nameUrl":"StructureDefinition-ecg-st-interval.html","title":"ECG ST Interval","generation":"generated"},{"nameUrl":"StructureDefinition-echocardiography-findings.html","title":"Echocardiography Findings","generation":"generated"},{"nameUrl":"StructureDefinition-left-ventricular-ejection-fraction.html","title":"Left Ventricular Ejection Fraction","generation":"generated"},{"nameUrl":"StructureDefinition-medication-angiotensin-receptor-antagonist.html","title":"Medication Angiotensin Receptor Antagonist","generation":"generated"},{"nameUrl":"StructureDefinition-tricuspid-annular-plane-systolic-excursion.html","title":"Tricuspid Annular Plane Systolic Excursion","generation":"generated"},{"nameUrl":"StructureDefinition-condition-diseaseCourse.html","title":"DiseaseCourse","generation":"generated"},{"nameUrl":"ValueSet-covid19-complications.html","title":"COVID19 Complications","generation":"generated"},{"nameUrl":"ValueSet-cardiology-imaging-procedures.html","title":"Cardiology Imaging Procedures ValueSet","generation":"generated"},{"nameUrl":"ValueSet-chronic-cardiologic-diseases-icd.html","title":"Cardiology Chronic Diseases","generation":"generated"},{"nameUrl":"ValueSet-chronic-cardiologic-diseases-sct.html","title":"Cardiology Chronic Diseases","generation":"generated"},{"nameUrl":"ValueSet-condition-course.html","title":"Condition Course Codes","generation":"generated"},{"nameUrl":"ValueSet-detected-not-detected-unknown-undetermined.html","title":"Detected Not Detected Unknown Undetermined","generation":"generated"},{"nameUrl":"ValueSet-ecg-atrioventricular-block.html","title":"ECG Atrioventricular Block","generation":"generated"},{"nameUrl":"ValueSet-ecg-bundle-branch-block.html","title":"ECG Bundle Branch Block","generation":"generated"},{"nameUrl":"ValueSet-ecg-findings.html","title":"ECG Findings","generation":"generated"},{"nameUrl":"ValueSet-ecg-qrs-axis.html","title":"ECG QRS Axis","generation":"generated"},{"nameUrl":"ValueSet-ecg-qrs-interval.html","title":"ECG QRS Interval","generation":"generated"},{"nameUrl":"ValueSet-ecg-qt-interval.html","title":"ECG QT Interval","generation":"generated"},{"nameUrl":"ValueSet-ecg-st-interval.html","title":"ECG ST Interval","generation":"generated"},{"nameUrl":"ValueSet-echocardiography-findings.html","title":"Echocardiography Findings","generation":"generated"},{"nameUrl":"ValueSet-echocardiography-findings-icd.html","title":"Echocardiography Findings ICD10 GM","generation":"generated"},{"nameUrl":"ValueSet-lvef-interpretation.html","title":"LVEF Interpretation","generation":"generated"},{"nameUrl":"ValueSet-medication-angiotensin-receptor-antagonist.html","title":"Angiotensin II receptor antagonist","generation":"generated"},{"nameUrl":"ValueSet-medication-angiotensin-receptor-antagonist-atc.html","title":"Angiotensin II Receptor Antagonist","generation":"generated"},{"nameUrl":"ValueSet-present-not-present-undetermined-other.html","title":"Present Not Present Undetermined Other","generation":"generated"},{"nameUrl":"ValueSet-restricted-event-status.html","title":"RestrictedEventStatus","generation":"generated"},{"nameUrl":"ValueSet-yes-no-unknown.html","title":"Yes No Unknown","generation":"generated"},{"nameUrl":"CodeSystem-napkon-cardiology.html","title":"Napkon Cardiology","generation":"generated"},{"nameUrl":"Observation-AtrialEctopicsUnknown.html","title":"Atrial Ectopics Unknown","generation":"generated"},{"nameUrl":"Condition-BacterialRespiratoryInfectionUnknown.html","title":"Bacterial Respiratory Infection Unknown","generation":"generated"},{"nameUrl":"Condition-CardiogenicShockRefuted.html","title":"Cardiogenic shock Refuted","generation":"generated"},{"nameUrl":"Procedure-CardiovascularInvestigation.html","title":"Cardiovascular Investigation","generation":"generated"},{"nameUrl":"Observation-ECGAtrioventricularBlockConfirmed.html","title":"ECG Atrioventricular Block Confirmed","generation":"generated"},{"nameUrl":"Observation-ECGAtrioventricularBlockRefuted.html","title":"ECG Atrioventricular Block Refuted","generation":"generated"},{"nameUrl":"Observation-ECGAtrioventricularBlockUnknown.html","title":"ECG Atrioventricular Block Unknown","generation":"generated"},{"nameUrl":"Observation-ECGBundleBranchBlock.html","title":"ECG Bundle Branch Block","generation":"generated"},{"nameUrl":"Observation-ECGNoBundleBranchBlock.html","title":"ECG No Bundle Branch Block","generation":"generated"},{"nameUrl":"Observation-ECGNoBundleBranchBlockUnknown.html","title":"ECG Bundle Branch Block Unknown","generation":"generated"},{"nameUrl":"Observation-ECGQRSAxis.html","title":"ECG QRS Axis","generation":"generated"},{"nameUrl":"Observation-ECGQRSInterval.html","title":"ECG QRS Interval","generation":"generated"},{"nameUrl":"Observation-ECGQTInterval.html","title":"ECG QT Interval","generation":"generated"},{"nameUrl":"Observation-ECGSTInterval.html","title":"ECG ST Interval","generation":"generated"},{"nameUrl":"Patient-ExamplePatient.html","title":"ExamplePatient","generation":"generated"},{"nameUrl":"Observation-InvertedTWaveRefuted.html","title":"Inverted T Wave Refuted","generation":"generated"},{"nameUrl":"MedicationStatement-MedicationAngiotensinReceptorAntagonistATC.html","title":"Medication Angiotensin Receptor Antagonist","generation":"generated"},{"nameUrl":"MedicationStatement-MedicationAngiotensinReceptorAntagonistSCT.html","title":"Medication Angiotensin Receptor Antagonist","generation":"generated"},{"nameUrl":"Condition-MyocarditisConfirmed.html","title":"Myocarditis Confirmed","generation":"generated"},{"nameUrl":"Observation-SinusRhythmConfirmed.html","title":"Sinus Rhythm Confirmed","generation":"generated"},{"nameUrl":"Condition-chronic-cardiologic-diseases-instance.html","title":"chronic-cardiologic-diseases-instance","generation":"generated"},{"nameUrl":"Condition-echo-finding-confirmed.html","title":"Echocardiography finding - confirmed","generation":"generated"},{"nameUrl":"Condition-echo-finding-confirmed-icd-snomed.html","title":"Echocardiography finding - confirmed (ICD10 GM code)","generation":"generated"},{"nameUrl":"Condition-echo-finding-refuted.html","title":"Echocardiography finding - refuted","generation":"generated"},{"nameUrl":"Condition-echo-finding-uncertain.html","title":"Echocardiography finding - unknown","generation":"generated"},{"nameUrl":"Observation-left-ventricular-ejection-fraction.html","title":"Example of a left ventricular ejection fraction observation","generation":"generated"},{"nameUrl":"Observation-tricuspid-annular-plane-systolic-excursion.html","title":"Example of a tricuspid annular plane systolic excursion observation","generation":"generated"}]}]},"parameter":[{"code":"path-resource","value":"input/capabilities"},{"code":"path-resource","value":"input/examples"},{"code":"path-resource","value":"input/extensions"},{"code":"path-resource","value":"input/models"},{"code":"path-resource","value":"input/operations"},{"code":"path-resource","value":"input/profiles"},{"code":"path-resource","value":"input/resources"},{"code":"path-resource","value":"input/vocabulary"},{"code":"path-resource","value":"input/maps"},{"code":"path-resource","value":"input/testing"},{"code":"path-resource","value":"input/history"},{"code":"path-resource","value":"fsh-generated/resources"},{"code":"path-pages","value":"template/config"},{"code":"path-pages","value":"input/images"},{"code":"path-tx-cache","value":"input-cache/txcache"}]}}