{"resourceType":"ValueSet","id":"covid19-complications","text":{"status":"generated","div":"<div xmlns=\"http://www.w3.org/1999/xhtml\"><p>This value set includes codes based on the following rules:</p><ul><li>Include codes from <a href=\"http://www.snomed.org/\"><code>http://snomed.info/sct</code></a> where concept  is-a  50920009 (Myocarditis)</li><li>Include codes from <a href=\"http://www.snomed.org/\"><code>http://snomed.info/sct</code></a> where concept  is-a  27885002 (Complete atrioventricular block)</li><li>Include codes from <a href=\"http://www.snomed.org/\"><code>http://snomed.info/sct</code></a> where concept  is-a  71908006 (Ventricular fibrillation)</li><li>Include codes from <a href=\"http://www.snomed.org/\"><code>http://snomed.info/sct</code></a> where concept  is-a  89138009 (Cardiogenic shock)</li><li>Include codes from <a href=\"http://www.snomed.org/\"><code>http://snomed.info/sct</code></a> where concept  is-a  34014006 (Viral disease)</li><li>Include codes from <a href=\"http://www.snomed.org/\"><code>http://snomed.info/sct</code></a> where concept  is-a  312117008 (Bacterial respiratory infection)</li><li>Include codes from <a href=\"http://www.snomed.org/\"><code>http://snomed.info/sct</code></a> where concept  is-a  373945007 (Pericardial effusion (disorder))</li></ul></div>"},"url":"https://www.napkon.de/fhir/ValueSet/covid19-complications","version":"1.0.0","name":"COVID19Complications","title":"COVID19 Complications","status":"active","date":"2021-12-03","publisher":"Charité - Universitätsmedizin Berlin","contact":[{"telecom":[{"system":"url","value":"https://www.bihealth.org/en/research/core-facilities/interoperability/"}]}],"description":"Complications of COVID-19","compose":{"include":[{"system":"http://snomed.info/sct","filter":[{"property":"concept","op":"is-a","value":"50920009"}]},{"system":"http://snomed.info/sct","filter":[{"property":"concept","op":"is-a","value":"27885002"}]},{"system":"http://snomed.info/sct","filter":[{"property":"concept","op":"is-a","value":"71908006"}]},{"system":"http://snomed.info/sct","filter":[{"property":"concept","op":"is-a","value":"89138009"}]},{"system":"http://snomed.info/sct","filter":[{"property":"concept","op":"is-a","value":"34014006"}]},{"system":"http://snomed.info/sct","filter":[{"property":"concept","op":"is-a","value":"312117008"}]},{"system":"http://snomed.info/sct","filter":[{"property":"concept","op":"is-a","value":"373945007"}]}]}}