{"resourceType":"ValueSet","id":"chronic-cardiologic-diseases-sct","text":{"status":"generated","div":"<div xmlns=\"http://www.w3.org/1999/xhtml\"><p>This value set includes codes based on the following rules:</p><ul><li>Include codes from <a href=\"http://www.snomed.org/\"><code>http://snomed.info/sct</code></a> where concept  is-a  49436004 (Atrial fibrillation)</li><li>Include codes from <a href=\"http://www.snomed.org/\"><code>http://snomed.info/sct</code></a> where concept  is-a  5370000 (Atrial flutter)</li><li>Include codes from <a href=\"http://www.snomed.org/\"><code>http://snomed.info/sct</code></a> where concept  is-a  399261000 (Past history of coronary artery bypass grafting)</li><li>Include codes from <a href=\"http://www.snomed.org/\"><code>http://snomed.info/sct</code></a> where concept  is-a  84114007 (Heart failure)</li><li>Include codes from <a href=\"http://www.snomed.org/\"><code>http://snomed.info/sct</code></a> where concept  is-a  85898001 (Cardiomyopathy)</li><li>Include codes from <a href=\"http://www.snomed.org/\"><code>http://snomed.info/sct</code></a> where concept  is-a  13213009 (Congenital heart disease)</li></ul></div>"},"url":"https://www.napkon.de/fhir/ValueSet/chronic-cardiologic-diseases-sct","version":"1.0.0","name":"ChronicCardiologicDiseasesSCT","title":"Cardiology Chronic Diseases","status":"active","date":"2021-11-17","publisher":"Charité - Universitätsmedizin Berlin","contact":[{"telecom":[{"system":"url","value":"https://www.bihealth.org/en/research/core-facilities/interoperability/"}]}],"description":"Cardiology Chronic Diseases Codes","compose":{"include":[{"system":"http://snomed.info/sct","filter":[{"property":"concept","op":"is-a","value":"49436004"}]},{"system":"http://snomed.info/sct","filter":[{"property":"concept","op":"is-a","value":"5370000"}]},{"system":"http://snomed.info/sct","filter":[{"property":"concept","op":"is-a","value":"399261000"}]},{"system":"http://snomed.info/sct","filter":[{"property":"concept","op":"is-a","value":"84114007"}]},{"system":"http://snomed.info/sct","filter":[{"property":"concept","op":"is-a","value":"85898001"}]},{"system":"http://snomed.info/sct","filter":[{"property":"concept","op":"is-a","value":"13213009"}]}]}}