{"resourceType":"ValueSet","id":"cardiology-imaging-procedures","text":{"status":"generated","div":"<div xmlns=\"http://www.w3.org/1999/xhtml\"><p>This value set includes codes based on the following rules:</p><ul><li>Include codes from <a href=\"http://www.snomed.org/\"><code>http://snomed.info/sct</code></a> where concept  is-a  268400002 (12 lead ECG)</li><li>Include codes from <a href=\"http://www.snomed.org/\"><code>http://snomed.info/sct</code></a> where concept  is-a  40701008 (Echocardiography)</li><li>Include codes from <a href=\"http://www.snomed.org/\"><code>http://snomed.info/sct</code></a> where concept  is-a  433236007 (Transthoracic echocardiography (procedure))</li><li>Include codes from <a href=\"http://www.snomed.org/\"><code>http://snomed.info/sct</code></a> where concept  is-a  105376000 (Transesophageal echocardiography)</li></ul></div>"},"url":"https://www.napkon.de/fhir/ValueSet/cardiology-imaging-procedures","version":"1.0.0","name":"CardiologyImagingCodes","title":"Cardiology Imaging Procedures ValueSet","status":"active","date":"2021-09-24","publisher":"Charité - Universitätsmedizin Berlin","contact":[{"telecom":[{"system":"url","value":"https://www.bihealth.org/en/research/core-facilities/interoperability/"}]}],"description":"Imaging procedures related to cardiology","compose":{"include":[{"system":"http://snomed.info/sct","filter":[{"property":"concept","op":"is-a","value":"268400002"}]},{"system":"http://snomed.info/sct","filter":[{"property":"concept","op":"is-a","value":"40701008"}]},{"system":"http://snomed.info/sct","filter":[{"property":"concept","op":"is-a","value":"433236007"}]},{"system":"http://snomed.info/sct","filter":[{"property":"concept","op":"is-a","value":"105376000"}]}]}}