{"resourceType":"ValueSet","id":"echocardiography-findings","text":{"status":"generated","div":"<div xmlns=\"http://www.w3.org/1999/xhtml\"><p>This value set includes codes based on the following rules:</p><ul><li>Include codes from <a href=\"http://www.snomed.org/\"><code>http://snomed.info/sct</code></a> where concept  is-a  61932003 (Paradoxical cardiac wall motion)</li><li>Include codes from <a href=\"http://www.snomed.org/\"><code>http://snomed.info/sct</code></a> where concept  is-a  429750003 (Left ventricular wall motion abnormality (finding))</li><li>Include codes from <a href=\"http://www.snomed.org/\"><code>http://snomed.info/sct</code></a> where concept  is-a  373945007 (Pericardial effusion (disorder))</li><li>Include codes from <a href=\"http://www.snomed.org/\"><code>http://snomed.info/sct</code></a> where concept  is-a  368009 (Heart valve disorder)</li><li>Include codes from <a href=\"http://www.snomed.org/\"><code>http://snomed.info/sct</code></a> where concept  is-a  60234000 (Aortic valve regurgitation)</li><li>Include codes from <a href=\"http://www.snomed.org/\"><code>http://snomed.info/sct</code></a> where concept  is-a  60573004 (Aortic valve stenosis)</li><li>Include codes from <a href=\"http://www.snomed.org/\"><code>http://snomed.info/sct</code></a> where concept  is-a  48724000 (Mitral valve regurgitation)</li><li>Include codes from <a href=\"http://www.snomed.org/\"><code>http://snomed.info/sct</code></a> where concept  is-a  79619009 (Mitral valve stenosis)</li><li>Include codes from <a href=\"http://www.snomed.org/\"><code>http://snomed.info/sct</code></a> where concept  is-a  111287006 (Tricuspid valve regurgitation)</li><li>Include codes from <a href=\"http://www.snomed.org/\"><code>http://snomed.info/sct</code></a> where concept  is-a  49915006 (Tricuspid valve stenosis)</li><li>Include codes from <a href=\"http://www.snomed.org/\"><code>http://snomed.info/sct</code></a> where concept  is-a  91434003 (Pulmonic valve regurgitation)</li><li>Include codes from <a href=\"http://www.snomed.org/\"><code>http://snomed.info/sct</code></a> where concept  is-a  56786000 (Pulmonic valve stenosis)</li><li>Include codes from <a href=\"http://www.snomed.org/\"><code>http://snomed.info/sct</code></a> where concept  is-a  425548001 (Abscess of heart (disorder))</li><li>Include codes from <a href=\"http://www.snomed.org/\"><code>http://snomed.info/sct</code></a> where concept  is-a  459055004 (Vegetation of heart)</li><li>Include codes from <a href=\"http://www.snomed.org/\"><code>http://snomed.info/sct</code></a> where concept  is-a  439127006 (Thrombosis (disorder))</li><li>Include these codes as defined in <a href=\"http://www.snomed.org/\"><code>http://snomed.info/sct</code></a><table class=\"none\"><tr><td style=\"white-space:nowrap\"><b>Code</b></td><td><b>Display</b></td></tr><tr><td><a href=\"http://browser.ihtsdotools.org/?perspective=full&amp;conceptId1=55827005\">55827005</a></td><td>Left ventricular hypertrophy (disorder)</td></tr><tr><td><a href=\"http://browser.ihtsdotools.org/?perspective=full&amp;conceptId1=89792004\">89792004</a></td><td>Right ventricular hypertrophy (disorder)</td></tr></table></li><li>Include codes from <a href=\"http://www.snomed.org/\"><code>http://snomed.info/sct</code></a> where concept  is-a  266249003 (Ventricular hypertrophy)</li></ul></div>"},"url":"https://www.napkon.de/fhir/ValueSet/echocardiography-findings","version":"0.1.0","name":"EchocardiographyFindings","title":"Echocardiography Findings","status":"draft","date":"2021-11-17","publisher":"Charité - Universitätsmedizin Berlin","contact":[{"telecom":[{"system":"url","value":"https://www.bihealth.org/en/research/core-facilities/interoperability/"}]}],"description":"Codes for Echocardiography Findings","compose":{"include":[{"system":"http://snomed.info/sct","filter":[{"property":"concept","op":"is-a","value":"61932003"}]},{"system":"http://snomed.info/sct","filter":[{"property":"concept","op":"is-a","value":"429750003"}]},{"system":"http://snomed.info/sct","filter":[{"property":"concept","op":"is-a","value":"373945007"}]},{"system":"http://snomed.info/sct","filter":[{"property":"concept","op":"is-a","value":"368009"}]},{"system":"http://snomed.info/sct","filter":[{"property":"concept","op":"is-a","value":"60234000"}]},{"system":"http://snomed.info/sct","filter":[{"property":"concept","op":"is-a","value":"60573004"}]},{"system":"http://snomed.info/sct","filter":[{"property":"concept","op":"is-a","value":"48724000"}]},{"system":"http://snomed.info/sct","filter":[{"property":"concept","op":"is-a","value":"79619009"}]},{"system":"http://snomed.info/sct","filter":[{"property":"concept","op":"is-a","value":"111287006"}]},{"system":"http://snomed.info/sct","filter":[{"property":"concept","op":"is-a","value":"49915006"}]},{"system":"http://snomed.info/sct","filter":[{"property":"concept","op":"is-a","value":"91434003"}]},{"system":"http://snomed.info/sct","filter":[{"property":"concept","op":"is-a","value":"56786000"}]},{"system":"http://snomed.info/sct","filter":[{"property":"concept","op":"is-a","value":"425548001"}]},{"system":"http://snomed.info/sct","filter":[{"property":"concept","op":"is-a","value":"459055004"}]},{"system":"http://snomed.info/sct","filter":[{"property":"concept","op":"is-a","value":"439127006"}]},{"system":"http://snomed.info/sct","concept":[{"code":"55827005","display":"Left ventricular hypertrophy (disorder)"},{"code":"89792004","display":"Right ventricular hypertrophy (disorder)"}]},{"system":"http://snomed.info/sct","filter":[{"property":"concept","op":"is-a","value":"266249003"}]}]}}