{"resourceType":"ValueSet","id":"ecg-st-interval","text":{"status":"generated","div":"<div xmlns=\"http://www.w3.org/1999/xhtml\"><ul><li>Include these codes as defined in <a href=\"http://www.snomed.org/\"><code>http://snomed.info/sct</code></a><table class=\"none\"><tr><td style=\"white-space:nowrap\"><b>Code</b></td><td><b>Display</b></td></tr><tr><td><a href=\"http://browser.ihtsdotools.org/?perspective=full&amp;conceptId1=164929001\">164929001</a></td><td>Electrocardiogram: ST interval normal (finding)</td></tr><tr><td><a href=\"http://browser.ihtsdotools.org/?perspective=full&amp;conceptId1=76388001\">76388001</a></td><td>ST segment elevation (finding)</td></tr><tr><td><a href=\"http://browser.ihtsdotools.org/?perspective=full&amp;conceptId1=26141007\">26141007</a></td><td>ST segment depression (finding)</td></tr></table></li></ul></div>"},"url":"https://www.napkon.de/fhir/ValueSet/ecg-st-interval","version":"0.1.0","name":"ECGSTInterval","title":"ECG ST Interval","status":"draft","date":"2021-11-17","publisher":"Charité - Universitätsmedizin Berlin","contact":[{"telecom":[{"system":"url","value":"https://www.bihealth.org/en/research/core-facilities/interoperability/"}]}],"description":"ST Interval findings","compose":{"include":[{"system":"http://snomed.info/sct","concept":[{"code":"164929001","display":"Electrocardiogram: ST interval normal (finding)"},{"code":"76388001","display":"ST segment elevation (finding)"},{"code":"26141007","display":"ST segment depression (finding)"}]}]}}