{"resourceType":"ValueSet","id":"condition-course","text":{"status":"generated","div":"<div xmlns=\"http://www.w3.org/1999/xhtml\"><ul><li>Include these codes as defined in <a href=\"http://www.snomed.org/\"><code>http://snomed.info/sct</code></a><table class=\"none\"><tr><td style=\"white-space:nowrap\"><b>Code</b></td><td><b>Display</b></td></tr><tr><td><a href=\"http://browser.ihtsdotools.org/?perspective=full&amp;conceptId1=7147002\">7147002</a></td><td>New (qualifier value)</td></tr><tr><td><a href=\"http://browser.ihtsdotools.org/?perspective=full&amp;conceptId1=255314001\">255314001</a></td><td>Progressive (qualifier value)</td></tr><tr><td><a href=\"http://browser.ihtsdotools.org/?perspective=full&amp;conceptId1=58158008\">58158008</a></td><td>Stable (qualifier value)</td></tr><tr><td><a href=\"http://browser.ihtsdotools.org/?perspective=full&amp;conceptId1=37865006\">37865006</a></td><td>Regressive (qualifier value)</td></tr><tr><td><a href=\"http://browser.ihtsdotools.org/?perspective=full&amp;conceptId1=261665006\">261665006</a></td><td>Unknown (qualifier value)</td></tr></table></li></ul></div>"},"url":"https://www.napkon.de/fhir/ValueSet/condition-course","version":"1.0.0","name":"ConditionCourseCodes","title":"Condition Course Codes","status":"active","date":"2021-11-17","publisher":"Charité - Universitätsmedizin Berlin","contact":[{"telecom":[{"system":"url","value":"https://www.bihealth.org/en/research/core-facilities/interoperability/"}]}],"description":"Value set for clinical course of a disease (how the disease behaves over time).","compose":{"include":[{"system":"http://snomed.info/sct","concept":[{"code":"7147002","display":"New (qualifier value)"},{"code":"255314001","display":"Progressive (qualifier value)"},{"code":"58158008","display":"Stable (qualifier value)"},{"code":"37865006","display":"Regressive (qualifier value)"},{"code":"261665006","display":"Unknown (qualifier value)"}]}]}}