{"resourceType":"ValueSet","id":"medication-angiotensin-receptor-antagonist","text":{"status":"generated","div":"<div xmlns=\"http://www.w3.org/1999/xhtml\"><ul><li>Include codes from <a href=\"http://www.snomed.org/\"><code>http://snomed.info/sct</code></a> where concept  is-a  96308008 (Product containing angiotensin II receptor antagonist (product))</li></ul></div>"},"url":"https://www.napkon.de/fhir/ValueSet/medication-angiotensin-receptor-antagonist","version":"1.0.0","name":"MedicationAngiotensinReceptorAntagonist","title":"Angiotensin II receptor antagonist","status":"active","date":"2021-11-04","publisher":"Charité - Universitätsmedizin Berlin","contact":[{"telecom":[{"system":"url","value":"https://www.bihealth.org/en/research/core-facilities/interoperability/"}]}],"description":"Angiotensin II receptor antagonist in the context of cardiology module (SNOMED CT codes)","compose":{"include":[{"system":"http://snomed.info/sct","filter":[{"property":"concept","op":"is-a","value":"96308008"}]}]}}