{
  "resourceType": "Observation",
  "id": "ECGAtrioventricularBlockConfirmed",
  "meta": {
    "profile": [
      "https://www.napkon.de/fhir/StructureDefinition/ecg-atrioventricular-block"
    ]
  },
  "text": {
    "status": "generated",
    "div": "<div xmlns=\"http://www.w3.org/1999/xhtml\"><p><b>Generated Narrative</b></p><p></p><p><b>code</b>: <span title=\"Codes: {http://snomed.info/sct 27885002}\">Complete atrioventricular block (disorder)</span></p><p><b>subject</b>: <a href=\"Patient-ExamplePatient.html\">Generated Summary: Medical record number: napkon-example-patient; maxi musterperson (OFFICIAL); gender: unknown; birthDate: 1990-08-08</a></p><p><b>effective</b>: 2021-11-09</p><p><b>value</b>: true</p></div>"
  },
  "status": "final",
  "code": {
    "coding": [
      {
        "system": "http://snomed.info/sct",
        "code": "27885002",
        "display": "Complete atrioventricular block (disorder)"
      }
    ]
  },
  "subject": {
    "reference": "Patient/ExamplePatient"
  },
  "effectiveDateTime": "2021-11-09",
  "valueBoolean": true
}